Study ID	Patient ID	Sample ID	Bilateral	Choroidal Invasion	Fraction Genome Altered	Gain 1q	Hypertension diagnosis	LOH 16q	Matched Status	Mutation Count	Optic Nerve Invasion	Prior Treatment	Rubeosis	Number of Samples Per Patient	Sex	Subretinal Seeds	TMB (nonsynonymous)	Vitreous Seeds	Worse Prognosis	Diagnosis Age	Neoplasm Disease Stage American Joint Committee on Cancer Code	American Joint Committee on Cancer Publication Version Type	Aneuploidy Score	Cancer Type	TCGA PanCanAtlas Cancer Type Acronym	Cancer Type Detailed	Last Communication Contact from Initial Pathologic Diagnosis Date	Birth from Initial Pathologic Diagnosis Date	Last Alive Less Initial Pathologic Diagnosis Date Calculated Day Value	Disease Free (Months)	Disease Free Status	Months of disease-specific survival	Disease-specific Survival status	Ethnicity Category	Form completion date	Genetic Ancestry Label	Neoplasm Histologic Grade	Neoadjuvant Therapy Type Administered Prior To Resection Text	ICD-10 Classification	International Classification of Diseases for Oncology, Third Edition ICD-O-3 Histology Code	International Classification of Diseases for Oncology, Third Edition ICD-O-3 Site Code	In PanCan Pathway Analysis	Informed consent verified	MSI MANTIS Score	MSIsensor Score	New Neoplasm Event Post Initial Therapy Indicator	Oncotree Code	Overall Survival (Months)	Overall Survival Status	Other Patient ID	American Joint Committee on Cancer Metastasis Stage Code	Neoplasm Disease Lymph Node Stage American Joint Committee on Cancer Code	American Joint Committee on Cancer Tumor Stage Code	Person Neoplasm Cancer Status	Progress Free Survival (Months)	Progression Free Status	Primary Lymph Node Presentation Assessment	Prior Diagnosis	Race Category	Radiation Therapy	Sample Type	Somatic Status	Subtype	Tumor Break Load	Tissue Prospective Collection Indicator	Tissue Retrospective Collection Indicator	Tissue Source Site	Tissue Source Site Code	Tumor Disease Anatomic Site	Tumor Type	Patient Weight
rbl_mskcc_2020	P-0006354	P-0006354-T01-IM5	No	No	0.1287	Yes	Yes	No	Yes	2	Yes	No	Yes	1	Male	Yes	1.95743939523	Yes	Yes	NA	NA	NA	NA	NA	NA	NA	NA	NA	NA	NA	NA	NA	NA	NA	NA	NA	NA	NA	NA	NA	NA	NA	NA	NA	NA	NA	NA	NA	NA	NA	NA	NA	NA	NA	NA	NA	NA	NA	NA	NA	NA	NA	NA	NA	NA	NA	NA	NA	NA	NA	NA
rbl_mskcc_2020	P-0008676	P-0008676-T01-IM5	Bilateral	No	0.0003	No	No	No	Yes	1	No	No	Yes	1	Female	Yes	0.978719697615	No	No	NA	NA	NA	NA	NA	NA	NA	NA	NA	NA	NA	NA	NA	NA	NA	NA	NA	NA	NA	NA	NA	NA	NA	NA	NA	NA	NA	NA	NA	NA	NA	NA	NA	NA	NA	NA	NA	NA	NA	NA	NA	NA	NA	NA	NA	NA	NA	NA	NA	NA	NA	NA
rbl_mskcc_2020	P-0009054	P-0009054-T01-IM5	No	Yes	0.0807	No	Yes	No	Yes	1	Yes	No	No	1	Male	Yes	0.978719697615	No	No	NA	NA	NA	NA	NA	NA	NA	NA	NA	NA	NA	NA	NA	NA	NA	NA	NA	NA	NA	NA	NA	NA	NA	NA	NA	NA	NA	NA	NA	NA	NA	NA	NA	NA	NA	NA	NA	NA	NA	NA	NA	NA	NA	NA	NA	NA	NA	NA	NA	NA	NA	NA
rbl_mskcc_2020	P-0009865	P-0009865-T01-IM5	No	No	0.0511	No	No	Yes	Yes	2	No	No	No	1	Female	Yes	1.95743939523	No	No	NA	NA	NA	NA	NA	NA	NA	NA	NA	NA	NA	NA	NA	NA	NA	NA	NA	NA	NA	NA	NA	NA	NA	NA	NA	NA	NA	NA	NA	NA	NA	NA	NA	NA	NA	NA	NA	NA	NA	NA	NA	NA	NA	NA	NA	NA	NA	NA	NA	NA	NA	NA
rbl_mskcc_2020	P-0013868	P-0013868-T01-IM5	No	No	0.0970	Yes	No	Yes	Yes	3	No	No	No	1	Female	No	2.93615909284	Yes	Yes	NA	NA	NA	NA	NA	NA	NA	NA	NA	NA	NA	NA	NA	NA	NA	NA	NA	NA	NA	NA	NA	NA	NA	NA	NA	NA	NA	NA	NA	NA	NA	NA	NA	NA	NA	NA	NA	NA	NA	NA	NA	NA	NA	NA	NA	NA	NA	NA	NA	NA	NA	NA
rbl_mskcc_2020	P-0014887	P-0014887-T01-IM6	No	No	0.3272	Yes	No	No	Yes	2	No	Yes	Yes	1	Male	Yes	1.72939618997	Yes	No	NA	NA	NA	NA	NA	NA	NA	NA	NA	NA	NA	NA	NA	NA	NA	NA	NA	NA	NA	NA	NA	NA	NA	NA	NA	NA	NA	NA	NA	NA	NA	NA	NA	NA	NA	NA	NA	NA	NA	NA	NA	NA	NA	NA	NA	NA	NA	NA	NA	NA	NA	NA
rbl_mskcc_2020	P-0014891	P-0014891-T01-IM6	No	Yes	0.0735	Yes	No	Yes	Yes	1	Yes	No	Yes	1	Male	No	0.864698094984	Yes	Yes	NA	NA	NA	NA	NA	NA	NA	NA	NA	NA	NA	NA	NA	NA	NA	NA	NA	NA	NA	NA	NA	NA	NA	NA	NA	NA	NA	NA	NA	NA	NA	NA	NA	NA	NA	NA	NA	NA	NA	NA	NA	NA	NA	NA	NA	NA	NA	NA	NA	NA	NA	NA
rbl_mskcc_2020	P-0017274	P-0017274-T01-IM6	No	No	0.0610	No	No	No	Yes	2	No	Yes	Yes	1	Female	Yes	1.72939618997	Yes	Yes	NA	NA	NA	NA	NA	NA	NA	NA	NA	NA	NA	NA	NA	NA	NA	NA	NA	NA	NA	NA	NA	NA	NA	NA	NA	NA	NA	NA	NA	NA	NA	NA	NA	NA	NA	NA	NA	NA	NA	NA	NA	NA	NA	NA	NA	NA	NA	NA	NA	NA	NA	NA
rbl_mskcc_2020	P-0017290	P-0017290-T01-IM6	No	No	0.1357	Yes	Yes	Yes	Yes	2	No	Yes	Yes	1	Male	Yes	1.72939618997	Yes	No	NA	NA	NA	NA	NA	NA	NA	NA	NA	NA	NA	NA	NA	NA	NA	NA	NA	NA	NA	NA	NA	NA	NA	NA	NA	NA	NA	NA	NA	NA	NA	NA	NA	NA	NA	NA	NA	NA	NA	NA	NA	NA	NA	NA	NA	NA	NA	NA	NA	NA	NA	NA
rbl_mskcc_2020	P-0018838	P-0018838-T01-IM6	No	No	0.2266	Yes	No	Yes	Yes	2	No	No	Yes	1	Female	Yes	1.72939618997	Yes	No	NA	NA	NA	NA	NA	NA	NA	NA	NA	NA	NA	NA	NA	NA	NA	NA	NA	NA	NA	NA	NA	NA	NA	NA	NA	NA	NA	NA	NA	NA	NA	NA	NA	NA	NA	NA	NA	NA	NA	NA	NA	NA	NA	NA	NA	NA	NA	NA	NA	NA	NA	NA
rbl_mskcc_2020	P-0019361	P-0019361-T01-IM6	No	No	0.0943	Yes	No	No	Yes	1	No	No	No	1	Female	Yes	0.864698094984	Yes	No	NA	NA	NA	NA	NA	NA	NA	NA	NA	NA	NA	NA	NA	NA	NA	NA	NA	NA	NA	NA	NA	NA	NA	NA	NA	NA	NA	NA	NA	NA	NA	NA	NA	NA	NA	NA	NA	NA	NA	NA	NA	NA	NA	NA	NA	NA	NA	NA	NA	NA	NA	NA
rbl_mskcc_2020	P-0020507	P-0020507-T01-IM6	No	No	0.0196	No	No	No	Yes	NA	No	No	Yes	1	Female	Yes	0.0	No	No	NA	NA	NA	NA	NA	NA	NA	NA	NA	NA	NA	NA	NA	NA	NA	NA	NA	NA	NA	NA	NA	NA	NA	NA	NA	NA	NA	NA	NA	NA	NA	NA	NA	NA	NA	NA	NA	NA	NA	NA	NA	NA	NA	NA	NA	NA	NA	NA	NA	NA	NA	NA
rbl_mskcc_2020	P-0021827	P-0021827-T01-IM6	No	Yes	0.4417	Yes	Yes	No	Yes	6	Yes	Yes	Yes	1	Male	Yes	5.1881885699	NA	Yes	NA	NA	NA	NA	NA	NA	NA	NA	NA	NA	NA	NA	NA	NA	NA	NA	NA	NA	NA	NA	NA	NA	NA	NA	NA	NA	NA	NA	NA	NA	NA	NA	NA	NA	NA	NA	NA	NA	NA	NA	NA	NA	NA	NA	NA	NA	NA	NA	NA	NA	NA	NA
rbl_mskcc_2020	P-0022334	P-0022334-T01-IM6	Bilateral	No	0.0044	No	No	No	Yes	NA	No	No	No	1	Female	No	0.0	No	Yes	NA	NA	NA	NA	NA	NA	NA	NA	NA	NA	NA	NA	NA	NA	NA	NA	NA	NA	NA	NA	NA	NA	NA	NA	NA	NA	NA	NA	NA	NA	NA	NA	NA	NA	NA	NA	NA	NA	NA	NA	NA	NA	NA	NA	NA	NA	NA	NA	NA	NA	NA	NA
rbl_mskcc_2020	P-0022386	P-0022386-T01-IM6	No	Yes	0.2779	Yes	No	No	Yes	2	No	No	Yes	1	Male	Yes	1.72939618997	Yes	Yes	NA	NA	NA	NA	NA	NA	NA	NA	NA	NA	NA	NA	NA	NA	NA	NA	NA	NA	NA	NA	NA	NA	NA	NA	NA	NA	NA	NA	NA	NA	NA	NA	NA	NA	NA	NA	NA	NA	NA	NA	NA	NA	NA	NA	NA	NA	NA	NA	NA	NA	NA	NA
rbl_mskcc_2020	P-0022580	P-0022580-T01-IM6	Bilateral	No	0.1269	Yes	Yes	No	Yes	NA	No	No	Yes	1	Male	Yes	0.0	Yes	No	NA	NA	NA	NA	NA	NA	NA	NA	NA	NA	NA	NA	NA	NA	NA	NA	NA	NA	NA	NA	NA	NA	NA	NA	NA	NA	NA	NA	NA	NA	NA	NA	NA	NA	NA	NA	NA	NA	NA	NA	NA	NA	NA	NA	NA	NA	NA	NA	NA	NA	NA	NA
rbl_mskcc_2020	P-0022583	P-0022583-T01-IM6	No	No	0.0276	No	No	No	Yes	1	No	Yes	Yes	1	Female	Yes	0.864698094984	No	No	NA	NA	NA	NA	NA	NA	NA	NA	NA	NA	NA	NA	NA	NA	NA	NA	NA	NA	NA	NA	NA	NA	NA	NA	NA	NA	NA	NA	NA	NA	NA	NA	NA	NA	NA	NA	NA	NA	NA	NA	NA	NA	NA	NA	NA	NA	NA	NA	NA	NA	NA	NA
rbl_mskcc_2020	P-0022662	P-0022662-T01-IM6	No	No	0.0984	Yes	No	Yes	Yes	2	No	No	No	1	Female	No	1.72939618997	Yes	Yes	NA	NA	NA	NA	NA	NA	NA	NA	NA	NA	NA	NA	NA	NA	NA	NA	NA	NA	NA	NA	NA	NA	NA	NA	NA	NA	NA	NA	NA	NA	NA	NA	NA	NA	NA	NA	NA	NA	NA	NA	NA	NA	NA	NA	NA	NA	NA	NA	NA	NA	NA	NA
rbl_mskcc_2020	P-0022705	P-0022705-T01-IM6	No	Yes	0.1132	Yes	Yes	Yes	Yes	2	Yes	Yes	Yes	1	Male	Yes	1.72939618997	Yes	Yes	NA	NA	NA	NA	NA	NA	NA	NA	NA	NA	NA	NA	NA	NA	NA	NA	NA	NA	NA	NA	NA	NA	NA	NA	NA	NA	NA	NA	NA	NA	NA	NA	NA	NA	NA	NA	NA	NA	NA	NA	NA	NA	NA	NA	NA	NA	NA	NA	NA	NA	NA	NA
rbl_mskcc_2020	P-0022722	P-0022722-T01-IM6	No	Yes	0.1342	NA	Yes	NA	Yes	1	No	No	Yes	1	Female	Yes	0.864698094984	Yes	No	NA	NA	NA	NA	NA	NA	NA	NA	NA	NA	NA	NA	NA	NA	NA	NA	NA	NA	NA	NA	NA	NA	NA	NA	NA	NA	NA	NA	NA	NA	NA	NA	NA	NA	NA	NA	NA	NA	NA	NA	NA	NA	NA	NA	NA	NA	NA	NA	NA	NA	NA	NA
rbl_mskcc_2020	P-0022753	P-0022753-T01-IM6	No	Yes	0.3402	Yes	NA	No	Yes	1	Yes	No	Yes	1	Female	No	0.864698094984	Yes	Yes	NA	NA	NA	NA	NA	NA	NA	NA	NA	NA	NA	NA	NA	NA	NA	NA	NA	NA	NA	NA	NA	NA	NA	NA	NA	NA	NA	NA	NA	NA	NA	NA	NA	NA	NA	NA	NA	NA	NA	NA	NA	NA	NA	NA	NA	NA	NA	NA	NA	NA	NA	NA
rbl_mskcc_2020	P-0022929	P-0022929-T01-IM6	No	No	0.0756	Yes	NA	Yes	Yes	2	No	No	No	1	Male	Yes	1.72939618997	Yes	No	NA	NA	NA	NA	NA	NA	NA	NA	NA	NA	NA	NA	NA	NA	NA	NA	NA	NA	NA	NA	NA	NA	NA	NA	NA	NA	NA	NA	NA	NA	NA	NA	NA	NA	NA	NA	NA	NA	NA	NA	NA	NA	NA	NA	NA	NA	NA	NA	NA	NA	NA	NA
rbl_mskcc_2020	P-0023095	P-0023095-T01-IM6	Bilateral	Yes	0.0178	No	No	No	Yes	NA	Yes	No	Yes	1	Male	No	0.0	NA	Yes	NA	NA	NA	NA	NA	NA	NA	NA	NA	NA	NA	NA	NA	NA	NA	NA	NA	NA	NA	NA	NA	NA	NA	NA	NA	NA	NA	NA	NA	NA	NA	NA	NA	NA	NA	NA	NA	NA	NA	NA	NA	NA	NA	NA	NA	NA	NA	NA	NA	NA	NA	NA
rbl_mskcc_2020	P-0023255	P-0023255-T01-IM6	Bilateral	No	0.1226	No	NA	Yes	Yes	NA	No	No	No	1	Male	No	0.0	Yes	No	NA	NA	NA	NA	NA	NA	NA	NA	NA	NA	NA	NA	NA	NA	NA	NA	NA	NA	NA	NA	NA	NA	NA	NA	NA	NA	NA	NA	NA	NA	NA	NA	NA	NA	NA	NA	NA	NA	NA	NA	NA	NA	NA	NA	NA	NA	NA	NA	NA	NA	NA	NA
rbl_mskcc_2020	P-0023348	P-0023348-T01-IM6	No	No	0.2382	No	No	Yes	Yes	4	No	Yes	Yes	1	Male	Yes	3.45879237993	Yes	No	NA	NA	NA	NA	NA	NA	NA	NA	NA	NA	NA	NA	NA	NA	NA	NA	NA	NA	NA	NA	NA	NA	NA	NA	NA	NA	NA	NA	NA	NA	NA	NA	NA	NA	NA	NA	NA	NA	NA	NA	NA	NA	NA	NA	NA	NA	NA	NA	NA	NA	NA	NA
rbl_mskcc_2020	P-0023460	P-0023460-T01-IM6	Bilateral	Yes	0.1485	Yes	NA	No	Yes	1	Yes	Yes	Yes	1	Female	Yes	0.864698094984	NA	Yes	NA	NA	NA	NA	NA	NA	NA	NA	NA	NA	NA	NA	NA	NA	NA	NA	NA	NA	NA	NA	NA	NA	NA	NA	NA	NA	NA	NA	NA	NA	NA	NA	NA	NA	NA	NA	NA	NA	NA	NA	NA	NA	NA	NA	NA	NA	NA	NA	NA	NA	NA	NA
rbl_mskcc_2020	P-0023480	P-0023480-T01-IM6	No	No	0.2941	Yes	No	Yes	Yes	2	No	No	Yes	1	Female	No	1.72939618997	Yes	No	NA	NA	NA	NA	NA	NA	NA	NA	NA	NA	NA	NA	NA	NA	NA	NA	NA	NA	NA	NA	NA	NA	NA	NA	NA	NA	NA	NA	NA	NA	NA	NA	NA	NA	NA	NA	NA	NA	NA	NA	NA	NA	NA	NA	NA	NA	NA	NA	NA	NA	NA	NA
rbl_mskcc_2020	P-0024092	P-0024092-T01-IM6	No	No	0.3248	NA	No	NA	Yes	3	No	No	No	1	Female	No	2.59409428495	Yes	No	NA	NA	NA	NA	NA	NA	NA	NA	NA	NA	NA	NA	NA	NA	NA	NA	NA	NA	NA	NA	NA	NA	NA	NA	NA	NA	NA	NA	NA	NA	NA	NA	NA	NA	NA	NA	NA	NA	NA	NA	NA	NA	NA	NA	NA	NA	NA	NA	NA	NA	NA	NA
rbl_mskcc_2020	P-0024098	P-0024098-T01-IM6	Bilateral	Yes	0.0880	No	No	Yes	Yes	3	No	Yes	No	1	Female	Yes	2.59409428495	NA	Yes	NA	NA	NA	NA	NA	NA	NA	NA	NA	NA	NA	NA	NA	NA	NA	NA	NA	NA	NA	NA	NA	NA	NA	NA	NA	NA	NA	NA	NA	NA	NA	NA	NA	NA	NA	NA	NA	NA	NA	NA	NA	NA	NA	NA	NA	NA	NA	NA	NA	NA	NA	NA
rbl_mskcc_2020	P-0025171	P-0025171-T01-IM6	Bilateral	Yes	0.1792	Yes	No	No	Yes	1	No	Yes	No	1	Female	No	0.864698094984	No	Yes	NA	NA	NA	NA	NA	NA	NA	NA	NA	NA	NA	NA	NA	NA	NA	NA	NA	NA	NA	NA	NA	NA	NA	NA	NA	NA	NA	NA	NA	NA	NA	NA	NA	NA	NA	NA	NA	NA	NA	NA	NA	NA	NA	NA	NA	NA	NA	NA	NA	NA	NA	NA
rbl_mskcc_2020	P-0025366	P-0025366-T01-IM6	Bilateral	No	0.0715	No	No	No	Yes	NA	No	Yes	No	1	Male	Yes	0.0	No	No	NA	NA	NA	NA	NA	NA	NA	NA	NA	NA	NA	NA	NA	NA	NA	NA	NA	NA	NA	NA	NA	NA	NA	NA	NA	NA	NA	NA	NA	NA	NA	NA	NA	NA	NA	NA	NA	NA	NA	NA	NA	NA	NA	NA	NA	NA	NA	NA	NA	NA	NA	NA
rbl_mskcc_2020	P-0025378	P-0025378-T01-IM6	No	No	0.0945	No	No	No	Yes	2	No	Yes	No	1	Male	No	1.72939618997	No	No	NA	NA	NA	NA	NA	NA	NA	NA	NA	NA	NA	NA	NA	NA	NA	NA	NA	NA	NA	NA	NA	NA	NA	NA	NA	NA	NA	NA	NA	NA	NA	NA	NA	NA	NA	NA	NA	NA	NA	NA	NA	NA	NA	NA	NA	NA	NA	NA	NA	NA	NA	NA
rbl_mskcc_2020	P-0025404	P-0025404-T01-IM6	Bilateral	No	0.0613	Yes	Yes	Yes	Yes	2	No	Yes	No	1	Male	Yes	1.72939618997	NA	No	NA	NA	NA	NA	NA	NA	NA	NA	NA	NA	NA	NA	NA	NA	NA	NA	NA	NA	NA	NA	NA	NA	NA	NA	NA	NA	NA	NA	NA	NA	NA	NA	NA	NA	NA	NA	NA	NA	NA	NA	NA	NA	NA	NA	NA	NA	NA	NA	NA	NA	NA	NA
rbl_mskcc_2020	P-0026049	P-0026049-T01-IM6	No	Yes	0.0157	No	Yes	No	Yes	1	No	No	No	1	Male	Yes	0.864698094984	No	No	NA	NA	NA	NA	NA	NA	NA	NA	NA	NA	NA	NA	NA	NA	NA	NA	NA	NA	NA	NA	NA	NA	NA	NA	NA	NA	NA	NA	NA	NA	NA	NA	NA	NA	NA	NA	NA	NA	NA	NA	NA	NA	NA	NA	NA	NA	NA	NA	NA	NA	NA	NA
rbl_mskcc_2020	P-0027634	P-0027634-T01-IM6	No	No	0.1165	Yes	NA	No	Yes	1	No	Yes	No	1	Male	Yes	0.864698094984	NA	Yes	NA	NA	NA	NA	NA	NA	NA	NA	NA	NA	NA	NA	NA	NA	NA	NA	NA	NA	NA	NA	NA	NA	NA	NA	NA	NA	NA	NA	NA	NA	NA	NA	NA	NA	NA	NA	NA	NA	NA	NA	NA	NA	NA	NA	NA	NA	NA	NA	NA	NA	NA	NA
rbl_mskcc_2020	P-0028019	P-0028019-T01-IM6	No	No	0.0963	Yes	Yes	No	Yes	1	No	No	No	1	Male	Yes	0.864698094984	Yes	Yes	NA	NA	NA	NA	NA	NA	NA	NA	NA	NA	NA	NA	NA	NA	NA	NA	NA	NA	NA	NA	NA	NA	NA	NA	NA	NA	NA	NA	NA	NA	NA	NA	NA	NA	NA	NA	NA	NA	NA	NA	NA	NA	NA	NA	NA	NA	NA	NA	NA	NA	NA	NA
rbl_mskcc_2020	P-0028137	P-0028137-T01-IM6	Bilateral	Yes	0.1661	No	NA	Yes	Yes	1	No	Yes	Yes	2	Male	No	0.864698094984	NA	Yes	NA	NA	NA	NA	NA	NA	NA	NA	NA	NA	NA	NA	NA	NA	NA	NA	NA	NA	NA	NA	NA	NA	NA	NA	NA	NA	NA	NA	NA	NA	NA	NA	NA	NA	NA	NA	NA	NA	NA	NA	NA	NA	NA	NA	NA	NA	NA	NA	NA	NA	NA	NA
rbl_mskcc_2020	P-0028137	P-0028137-T02-IM6	Bilateral	Yes	0.0451	NA	No	NA	Yes	1	No	Yes	No	2	Male	No	0.864698094984	No	No	NA	NA	NA	NA	NA	NA	NA	NA	NA	NA	NA	NA	NA	NA	NA	NA	NA	NA	NA	NA	NA	NA	NA	NA	NA	NA	NA	NA	NA	NA	NA	NA	NA	NA	NA	NA	NA	NA	NA	NA	NA	NA	NA	NA	NA	NA	NA	NA	NA	NA	NA	NA
rbl_mskcc_2020	P-0028341	P-0028341-T01-IM6	No	No	0.0725	Yes	Yes	Yes	Yes	3	No	Yes	Yes	1	Male	Yes	2.59409428495	Yes	No	NA	NA	NA	NA	NA	NA	NA	NA	NA	NA	NA	NA	NA	NA	NA	NA	NA	NA	NA	NA	NA	NA	NA	NA	NA	NA	NA	NA	NA	NA	NA	NA	NA	NA	NA	NA	NA	NA	NA	NA	NA	NA	NA	NA	NA	NA	NA	NA	NA	NA	NA	NA
rbl_mskcc_2020	P-0032430	P-0032430-T01-IM6	No	Yes	0.1637	Yes	No	Yes	Yes	2	No	Yes	Yes	1	Male	No	1.72939618997	NA	Yes	NA	NA	NA	NA	NA	NA	NA	NA	NA	NA	NA	NA	NA	NA	NA	NA	NA	NA	NA	NA	NA	NA	NA	NA	NA	NA	NA	NA	NA	NA	NA	NA	NA	NA	NA	NA	NA	NA	NA	NA	NA	NA	NA	NA	NA	NA	NA	NA	NA	NA	NA	NA
rbl_mskcc_2020	P-0032441	P-0032441-T01-IM6	No	Yes	0.0788	Yes	No	Yes	Yes	3	No	Yes	No	1	Male	Yes	2.59409428495	Yes	No	NA	NA	NA	NA	NA	NA	NA	NA	NA	NA	NA	NA	NA	NA	NA	NA	NA	NA	NA	NA	NA	NA	NA	NA	NA	NA	NA	NA	NA	NA	NA	NA	NA	NA	NA	NA	NA	NA	NA	NA	NA	NA	NA	NA	NA	NA	NA	NA	NA	NA	NA	NA
rbl_mskcc_2020	P-0033666	P-0033666-T01-IM6	No	No	0.0861	Yes	Yes	Yes	Yes	2	Yes	No	Yes	1	Male	Yes	1.72939618997	Yes	No	NA	NA	NA	NA	NA	NA	NA	NA	NA	NA	NA	NA	NA	NA	NA	NA	NA	NA	NA	NA	NA	NA	NA	NA	NA	NA	NA	NA	NA	NA	NA	NA	NA	NA	NA	NA	NA	NA	NA	NA	NA	NA	NA	NA	NA	NA	NA	NA	NA	NA	NA	NA
rbl_mskcc_2020	P-0034158	P-0034158-T01-IM6	Bilateral	No	0.4027	Yes	Yes	Yes	Yes	NA	Yes	No	Yes	1	Female	Yes	0.0	Yes	Yes	NA	NA	NA	NA	NA	NA	NA	NA	NA	NA	NA	NA	NA	NA	NA	NA	NA	NA	NA	NA	NA	NA	NA	NA	NA	NA	NA	NA	NA	NA	NA	NA	NA	NA	NA	NA	NA	NA	NA	NA	NA	NA	NA	NA	NA	NA	NA	NA	NA	NA	NA	NA
rbl_mskcc_2020	P-0037125	P-0037125-T01-IM6	No	No	0.0416	No	Yes	No	Yes	NA	No	No	Yes	1	Male	Yes	0.0	No	No	NA	NA	NA	NA	NA	NA	NA	NA	NA	NA	NA	NA	NA	NA	NA	NA	NA	NA	NA	NA	NA	NA	NA	NA	NA	NA	NA	NA	NA	NA	NA	NA	NA	NA	NA	NA	NA	NA	NA	NA	NA	NA	NA	NA	NA	NA	NA	NA	NA	NA	NA	NA
rbl_mskcc_2020	P-0037740	P-0037740-T01-IM6	Bilateral	No	0.0264	No	Yes	No	Yes	NA	No	Yes	No	1	Male	Yes	0.0	No	No	NA	NA	NA	NA	NA	NA	NA	NA	NA	NA	NA	NA	NA	NA	NA	NA	NA	NA	NA	NA	NA	NA	NA	NA	NA	NA	NA	NA	NA	NA	NA	NA	NA	NA	NA	NA	NA	NA	NA	NA	NA	NA	NA	NA	NA	NA	NA	NA	NA	NA	NA	NA
rbl_mskcc_2020	P-0038332	P-0038332-T01-IM6	No	No	0.0017	No	No	No	Yes	1	No	No	No	1	Female	Yes	0.864698094984	No	No	NA	NA	NA	NA	NA	NA	NA	NA	NA	NA	NA	NA	NA	NA	NA	NA	NA	NA	NA	NA	NA	NA	NA	NA	NA	NA	NA	NA	NA	NA	NA	NA	NA	NA	NA	NA	NA	NA	NA	NA	NA	NA	NA	NA	NA	NA	NA	NA	NA	NA	NA	NA
rbl_mskcc_2020	P-0038941	P-0038941-T01-IM6	No	Yes	0.0537	Yes	No	No	Yes	2	No	No	Yes	1	Male	Yes	1.72939618997	No	No	NA	NA	NA	NA	NA	NA	NA	NA	NA	NA	NA	NA	NA	NA	NA	NA	NA	NA	NA	NA	NA	NA	NA	NA	NA	NA	NA	NA	NA	NA	NA	NA	NA	NA	NA	NA	NA	NA	NA	NA	NA	NA	NA	NA	NA	NA	NA	NA	NA	NA	NA	NA
rbl_mskcc_2020	P-0038971	P-0038971-T01-IM6	Bilateral	No	0.0016	No	No	No	Yes	NA	No	Yes	Yes	1	Male	NA	0.0	NA	No	NA	NA	NA	NA	NA	NA	NA	NA	NA	NA	NA	NA	NA	NA	NA	NA	NA	NA	NA	NA	NA	NA	NA	NA	NA	NA	NA	NA	NA	NA	NA	NA	NA	NA	NA	NA	NA	NA	NA	NA	NA	NA	NA	NA	NA	NA	NA	NA	NA	NA	NA	NA
rbl_mskcc_2020	P-0039221	P-0039221-T01-IM6	No	Yes	0.1236	Yes	No	No	Yes	1	Yes	Yes	Yes	1	Male	NA	0.864698094984	NA	Yes	NA	NA	NA	NA	NA	NA	NA	NA	NA	NA	NA	NA	NA	NA	NA	NA	NA	NA	NA	NA	NA	NA	NA	NA	NA	NA	NA	NA	NA	NA	NA	NA	NA	NA	NA	NA	NA	NA	NA	NA	NA	NA	NA	NA	NA	NA	NA	NA	NA	NA	NA	NA
rbl_mskcc_2020	P-0039850	P-0039850-T01-IM6	No	No	0.1063	Yes	No	Yes	Yes	6	No	Yes	No	1	Male	Yes	5.1881885699	Yes	No	NA	NA	NA	NA	NA	NA	NA	NA	NA	NA	NA	NA	NA	NA	NA	NA	NA	NA	NA	NA	NA	NA	NA	NA	NA	NA	NA	NA	NA	NA	NA	NA	NA	NA	NA	NA	NA	NA	NA	NA	NA	NA	NA	NA	NA	NA	NA	NA	NA	NA	NA	NA
rbl_mskcc_2020	P-0039887	P-0039887-T01-IM6	No	Yes	0.1555	Yes	No	Yes	Yes	1	NA	Yes	No	1	Female	NA	0.864698094984	NA	Yes	NA	NA	NA	NA	NA	NA	NA	NA	NA	NA	NA	NA	NA	NA	NA	NA	NA	NA	NA	NA	NA	NA	NA	NA	NA	NA	NA	NA	NA	NA	NA	NA	NA	NA	NA	NA	NA	NA	NA	NA	NA	NA	NA	NA	NA	NA	NA	NA	NA	NA	NA	NA
rbl_mskcc_2020	P-0041375	P-0041375-T01-IM6	No	Yes	0.1749	Yes	No	Yes	Yes	1	No	No	No	1	Male	Yes	0.864698094984	Yes	No	NA	NA	NA	NA	NA	NA	NA	NA	NA	NA	NA	NA	NA	NA	NA	NA	NA	NA	NA	NA	NA	NA	NA	NA	NA	NA	NA	NA	NA	NA	NA	NA	NA	NA	NA	NA	NA	NA	NA	NA	NA	NA	NA	NA	NA	NA	NA	NA	NA	NA	NA	NA
rbl_mskcc_2020	P-0041635	P-0041635-T01-IM6	No	No	0.0652	Yes	No	No	Yes	1	No	Yes	Yes	1	Male	No	0.864698094984	No	No	NA	NA	NA	NA	NA	NA	NA	NA	NA	NA	NA	NA	NA	NA	NA	NA	NA	NA	NA	NA	NA	NA	NA	NA	NA	NA	NA	NA	NA	NA	NA	NA	NA	NA	NA	NA	NA	NA	NA	NA	NA	NA	NA	NA	NA	NA	NA	NA	NA	NA	NA	NA
rbl_mskcc_2020	P-0042103	P-0042103-T01-IM6	Bilateral	No	0.1072	No	No	No	Yes	1	No	Yes	No	1	Female	No	0.864698094984	No	No	NA	NA	NA	NA	NA	NA	NA	NA	NA	NA	NA	NA	NA	NA	NA	NA	NA	NA	NA	NA	NA	NA	NA	NA	NA	NA	NA	NA	NA	NA	NA	NA	NA	NA	NA	NA	NA	NA	NA	NA	NA	NA	NA	NA	NA	NA	NA	NA	NA	NA	NA	NA
rbl_mskcc_2020	P-0042231	P-0042231-T01-IM6	Bilateral	No	0.0973	Yes	Yes	Yes	Yes	NA	No	No	Yes	1	Male	Yes	0.0	Yes	No	NA	NA	NA	NA	NA	NA	NA	NA	NA	NA	NA	NA	NA	NA	NA	NA	NA	NA	NA	NA	NA	NA	NA	NA	NA	NA	NA	NA	NA	NA	NA	NA	NA	NA	NA	NA	NA	NA	NA	NA	NA	NA	NA	NA	NA	NA	NA	NA	NA	NA	NA	NA
rbl_mskcc_2020	P-0042639	P-0042639-T01-IM6	No	Yes	0	Yes	No	No	Yes	1	Yes	Yes	Yes	1	Male	NA	0.864698094984	NA	No	NA	NA	NA	NA	NA	NA	NA	NA	NA	NA	NA	NA	NA	NA	NA	NA	NA	NA	NA	NA	NA	NA	NA	NA	NA	NA	NA	NA	NA	NA	NA	NA	NA	NA	NA	NA	NA	NA	NA	NA	NA	NA	NA	NA	NA	NA	NA	NA	NA	NA	NA	NA
rbl_mskcc_2020	P-0042678	P-0042678-T01-IM6	No	Yes	0.1618	Yes	Yes	Yes	Yes	2	Yes	Yes	Yes	1	Female	Yes	1.72939618997	NA	No	NA	NA	NA	NA	NA	NA	NA	NA	NA	NA	NA	NA	NA	NA	NA	NA	NA	NA	NA	NA	NA	NA	NA	NA	NA	NA	NA	NA	NA	NA	NA	NA	NA	NA	NA	NA	NA	NA	NA	NA	NA	NA	NA	NA	NA	NA	NA	NA	NA	NA	NA	NA
rbl_mskcc_2020	P-0042864	P-0042864-T01-IM6	Bilateral	Yes	0.0590	Yes	Yes	No	Yes	NA	Yes	Yes	Yes	1	Male	Yes	0.0	Yes	Yes	NA	NA	NA	NA	NA	NA	NA	NA	NA	NA	NA	NA	NA	NA	NA	NA	NA	NA	NA	NA	NA	NA	NA	NA	NA	NA	NA	NA	NA	NA	NA	NA	NA	NA	NA	NA	NA	NA	NA	NA	NA	NA	NA	NA	NA	NA	NA	NA	NA	NA	NA	NA
rbl_mskcc_2020	P-0043327	P-0043327-T01-IM6	Bilateral	No	0.1390	NA	Yes	NA	Yes	2	Yes	No	Yes	1	Male	No	1.72939618997	Yes	No	NA	NA	NA	NA	NA	NA	NA	NA	NA	NA	NA	NA	NA	NA	NA	NA	NA	NA	NA	NA	NA	NA	NA	NA	NA	NA	NA	NA	NA	NA	NA	NA	NA	NA	NA	NA	NA	NA	NA	NA	NA	NA	NA	NA	NA	NA	NA	NA	NA	NA	NA	NA
rbl_mskcc_2020	P-0043428	P-0043428-T01-IM6	No	No	0.1256	Yes	NA	No	Yes	3	No	No	No	1	Male	Yes	2.59409428495	No	No	NA	NA	NA	NA	NA	NA	NA	NA	NA	NA	NA	NA	NA	NA	NA	NA	NA	NA	NA	NA	NA	NA	NA	NA	NA	NA	NA	NA	NA	NA	NA	NA	NA	NA	NA	NA	NA	NA	NA	NA	NA	NA	NA	NA	NA	NA	NA	NA	NA	NA	NA	NA
rbl_mskcc_2020	P-0043477	P-0043477-T01-IM6	No	No	0.0147	No	Yes	No	Yes	NA	No	Yes	Yes	1	Female	Yes	0.0	Yes	Yes	NA	NA	NA	NA	NA	NA	NA	NA	NA	NA	NA	NA	NA	NA	NA	NA	NA	NA	NA	NA	NA	NA	NA	NA	NA	NA	NA	NA	NA	NA	NA	NA	NA	NA	NA	NA	NA	NA	NA	NA	NA	NA	NA	NA	NA	NA	NA	NA	NA	NA	NA	NA
rbl_mskcc_2020	P-0046319	P-0046319-T01-IM6	No	Yes	0.0551	No	No	Yes	Yes	5	No	Yes	No	1	Male	NA	4.32349047492	NA	Yes	NA	NA	NA	NA	NA	NA	NA	NA	NA	NA	NA	NA	NA	NA	NA	NA	NA	NA	NA	NA	NA	NA	NA	NA	NA	NA	NA	NA	NA	NA	NA	NA	NA	NA	NA	NA	NA	NA	NA	NA	NA	NA	NA	NA	NA	NA	NA	NA	NA	NA	NA	NA
uvm_tcga_pan_can_atlas_2018	TCGA-RZ-AB0B	TCGA-RZ-AB0B-01	NA	NA	0.1922	NA	NA	NA	NA	13	NA	NA	NA	1	NA	NA	0.433333333	NA	NA	NA	NA	NA	5	Ocular Melanoma	UVM	Uveal Melanoma	NA	NA	NA	NA	NA	4.898576454	1:DEAD WITH TUMOR	NA	NA	EUR	NA	NA	NA	NA	NA	Yes	NA	0.3308	0.05	NA	UM	4.898576454	1:DECEASED	NA	NA	NA	NA	NA	4.898576454	0:CENSORED	NA	NA	NA	NA	Primary	Matched	UVM	4	NA	NA	Wills Eye Institute	RZ	NA	Uveal Melanoma	NA
uvm_tcga_pan_can_atlas_2018	TCGA-V3-A9ZX	TCGA-V3-A9ZX-01	NA	NA	0.1889	NA	NA	NA	NA	6	NA	NA	NA	1	NA	NA	0.2	NA	NA	NA	NA	NA	7	Ocular Melanoma	UVM	Uveal Melanoma	NA	NA	NA	NA	NA	15.45188546	0:ALIVE OR DEAD TUMOR FREE	NA	NA	EUR	NA	NA	NA	NA	NA	Yes	NA	0.3348	0.1	NA	UM	15.45188546	0:LIVING	NA	NA	NA	NA	NA	7.660190025	1:PROGRESSION	NA	NA	NA	NA	Primary	Matched	UVM	11	NA	NA	Cleveland Clinic Foundation	V3	NA	Uveal Melanoma	NA
uvm_tcga_pan_can_atlas_2018	TCGA-V3-A9ZY	TCGA-V3-A9ZY-01	NA	NA	0.0585	NA	NA	NA	NA	14	NA	NA	NA	1	NA	NA	0.466666667	NA	NA	NA	NA	NA	2	Ocular Melanoma	UVM	Uveal Melanoma	NA	NA	NA	NA	NA	15.09024559	0:ALIVE OR DEAD TUMOR FREE	NA	NA	EUR	NA	NA	NA	NA	NA	Yes	NA	0.3228	0.02	NA	UM	15.09024559	0:LIVING	NA	NA	NA	NA	NA	15.09024559	0:CENSORED	NA	NA	NA	NA	Primary	Matched	UVM	1	NA	NA	Cleveland Clinic Foundation	V3	NA	Uveal Melanoma	NA
uvm_tcga_pan_can_atlas_2018	TCGA-V4-A9E5	TCGA-V4-A9E5-01	NA	NA	0.2459	NA	NA	NA	NA	11	NA	NA	NA	1	NA	NA	0.366666667	NA	NA	NA	NA	NA	10	Ocular Melanoma	UVM	Uveal Melanoma	NA	NA	NA	NA	NA	82.15800375	0:ALIVE OR DEAD TUMOR FREE	NA	NA	EUR	NA	NA	NA	NA	NA	Yes	NA	0.3351	0.08	NA	UM	82.15800375	0:LIVING	NA	NA	NA	NA	NA	82.15800375	0:CENSORED	NA	NA	NA	NA	Primary	Matched	UVM	6	NA	NA	Institut Curie	V4	NA	Uveal Melanoma	NA
uvm_tcga_pan_can_atlas_2018	TCGA-V4-A9E7	TCGA-V4-A9E7-01	NA	NA	0.3312	NA	NA	NA	NA	16	NA	NA	NA	1	NA	NA	0.566666667	NA	NA	NA	NA	NA	9	Ocular Melanoma	UVM	Uveal Melanoma	NA	NA	NA	NA	NA	13.6436861	1:DEAD WITH TUMOR	NA	NA	EUR	NA	NA	NA	NA	NA	Yes	NA	0.3315	0.07	NA	UM	13.6436861	1:DECEASED	NA	NA	NA	NA	NA	1.150672321	1:PROGRESSION	NA	NA	NA	NA	Primary	Matched	UVM	13	NA	NA	Institut Curie	V4	NA	Uveal Melanoma	NA
uvm_tcga_pan_can_atlas_2018	TCGA-V4-A9E8	TCGA-V4-A9E8-01	NA	NA	0.3089	NA	NA	NA	NA	10	NA	NA	NA	1	NA	NA	0.333333333	NA	NA	NA	NA	NA	14	Ocular Melanoma	UVM	Uveal Melanoma	NA	NA	NA	NA	NA	26.56409245	1:DEAD WITH TUMOR	NA	NA	EUR	NA	NA	NA	NA	NA	Yes	NA	0.3343	0.12	NA	UM	26.56409245	1:DECEASED	NA	NA	NA	NA	NA	18.31212809	1:PROGRESSION	NA	NA	NA	NA	Primary	Matched	UVM	10	NA	NA	Institut Curie	V4	NA	Uveal Melanoma	NA
uvm_tcga_pan_can_atlas_2018	TCGA-V4-A9E9	TCGA-V4-A9E9-01	NA	NA	0.1048	NA	NA	NA	NA	11	NA	NA	NA	1	NA	NA	0.366666667	NA	NA	NA	NA	NA	2	Ocular Melanoma	UVM	Uveal Melanoma	NA	NA	NA	NA	NA	40.96393464	0:ALIVE OR DEAD TUMOR FREE	NA	NA	EUR	NA	NA	NA	NA	NA	Yes	NA	0.337	0.1	NA	UM	40.96393464	0:LIVING	NA	NA	NA	NA	NA	40.96393464	0:CENSORED	NA	NA	NA	NA	Primary	Matched	UVM	8	NA	NA	Institut Curie	V4	NA	Uveal Melanoma	NA
uvm_tcga_pan_can_atlas_2018	TCGA-V4-A9EA	TCGA-V4-A9EA-01	NA	NA	0.0906	NA	NA	NA	NA	11	NA	NA	NA	1	NA	NA	0.366666667	NA	NA	NA	NA	NA	2	Ocular Melanoma	UVM	Uveal Melanoma	NA	NA	NA	NA	NA	44.31732255	0:ALIVE OR DEAD TUMOR FREE	NA	NA	EUR	NA	NA	NA	NA	NA	Yes	NA	0.3178	0	NA	UM	44.31732255	0:LIVING	NA	NA	NA	NA	NA	44.31732255	0:CENSORED	NA	NA	NA	NA	Primary	Matched	UVM	13	NA	NA	Institut Curie	V4	NA	Uveal Melanoma	NA
uvm_tcga_pan_can_atlas_2018	TCGA-V4-A9EC	TCGA-V4-A9EC-01	NA	NA	0.0308	NA	NA	NA	NA	19	NA	NA	NA	1	NA	NA	0.633333333	NA	NA	NA	NA	NA	1	Ocular Melanoma	UVM	Uveal Melanoma	NA	NA	NA	NA	NA	24.42712957	0:ALIVE OR DEAD TUMOR FREE	NA	NA	EUR	NA	NA	NA	NA	NA	Yes	NA	0.3296	0.11	NA	UM	24.42712957	0:LIVING	NA	NA	NA	NA	NA	24.42712957	0:CENSORED	NA	NA	NA	NA	Primary	Matched	UVM	3	NA	NA	Institut Curie	V4	NA	Uveal Melanoma	NA
uvm_tcga_pan_can_atlas_2018	TCGA-V4-A9ED	TCGA-V4-A9ED-01	NA	NA	0.0676	NA	NA	NA	NA	6	NA	NA	NA	1	NA	NA	0.2	NA	NA	NA	NA	NA	2	Ocular Melanoma	UVM	Uveal Melanoma	NA	NA	NA	NA	NA	35.4407075	0:ALIVE OR DEAD TUMOR FREE	NA	NA	EUR	NA	NA	NA	NA	NA	Yes	NA	0.3228	0.06	NA	UM	35.4407075	0:LIVING	NA	NA	NA	NA	NA	35.4407075	0:CENSORED	NA	NA	NA	NA	Primary	Matched	UVM	11	NA	NA	Institut Curie	V4	NA	Uveal Melanoma	NA
uvm_tcga_pan_can_atlas_2018	TCGA-V4-A9EE	TCGA-V4-A9EE-01	NA	NA	0.2093	NA	NA	NA	NA	13	NA	NA	NA	1	NA	NA	0.433333333	NA	NA	NA	NA	NA	5	Ocular Melanoma	UVM	Uveal Melanoma	NA	NA	NA	NA	NA	13.08478811	1:DEAD WITH TUMOR	NA	NA	EUR	NA	NA	NA	NA	NA	Yes	NA	0.3347	0.03	NA	UM	13.08478811	1:DECEASED	NA	NA	NA	NA	NA	6.93691028	1:PROGRESSION	NA	NA	NA	NA	Primary	Matched	UVM	8	NA	NA	Institut Curie	V4	NA	Uveal Melanoma	NA
uvm_tcga_pan_can_atlas_2018	TCGA-V4-A9EF	TCGA-V4-A9EF-01	NA	NA	0.1012	NA	NA	NA	NA	8	NA	NA	NA	1	NA	NA	0.266666667	NA	NA	NA	NA	NA	3	Ocular Melanoma	UVM	Uveal Melanoma	NA	NA	NA	NA	NA	38.30095013	0:ALIVE OR DEAD TUMOR FREE	NA	NA	EUR	NA	NA	NA	NA	NA	Yes	NA	0.3394	0.08	NA	UM	38.30095013	0:LIVING	NA	NA	NA	NA	NA	38.30095013	0:CENSORED	NA	NA	NA	NA	Primary	Matched	UVM	3	NA	NA	Institut Curie	V4	NA	Uveal Melanoma	NA
uvm_tcga_pan_can_atlas_2018	TCGA-V4-A9EH	TCGA-V4-A9EH-01	NA	NA	0.0213	NA	NA	NA	NA	9	NA	NA	NA	1	NA	NA	0.3	NA	NA	NA	NA	NA	2	Ocular Melanoma	UVM	Uveal Melanoma	NA	NA	NA	NA	NA	22.02715587	0:ALIVE OR DEAD TUMOR FREE	NA	NA	EUR	NA	NA	NA	NA	NA	Yes	NA	0.327	0.03	NA	UM	22.02715587	0:LIVING	NA	NA	NA	NA	NA	22.02715587	0:CENSORED	NA	NA	NA	NA	Primary	Matched	UVM	2	NA	NA	Institut Curie	V4	NA	Uveal Melanoma	NA
uvm_tcga_pan_can_atlas_2018	TCGA-V4-A9EI	TCGA-V4-A9EI-01	NA	NA	0.2383	NA	NA	NA	NA	20	NA	NA	NA	1	NA	NA	0.666666667	NA	NA	NA	NA	NA	9	Ocular Melanoma	UVM	Uveal Melanoma	NA	NA	NA	NA	NA	12.78890094	1:DEAD WITH TUMOR	NA	NA	EUR	NA	NA	NA	NA	NA	Yes	NA	0.3276	0.24	NA	UM	12.78890094	1:DECEASED	NA	NA	NA	NA	NA	6.673899464	1:PROGRESSION	NA	NA	NA	NA	Primary	Matched	UVM	7	NA	NA	Institut Curie	V4	NA	Uveal Melanoma	NA
uvm_tcga_pan_can_atlas_2018	TCGA-V4-A9EJ	TCGA-V4-A9EJ-01	NA	NA	0.0581	NA	NA	NA	NA	21	NA	NA	NA	1	NA	NA	0.7	NA	NA	NA	NA	NA	1	Ocular Melanoma	UVM	Uveal Melanoma	NA	NA	NA	NA	NA	24.52575862	0:ALIVE OR DEAD TUMOR FREE	NA	NA	EUR	NA	NA	NA	NA	NA	Yes	NA	0.3329	0.05	NA	UM	24.52575862	0:LIVING	NA	NA	NA	NA	NA	24.52575862	0:CENSORED	NA	NA	NA	NA	Primary	Matched	UVM	8	NA	NA	Institut Curie	V4	NA	Uveal Melanoma	NA
uvm_tcga_pan_can_atlas_2018	TCGA-V4-A9EK	TCGA-V4-A9EK-01	NA	NA	0.2247	NA	NA	NA	NA	14	NA	NA	NA	1	NA	NA	0.466666667	NA	NA	NA	NA	NA	5	Ocular Melanoma	UVM	Uveal Melanoma	NA	NA	NA	NA	NA	33.7968899	0:ALIVE OR DEAD TUMOR FREE	NA	NA	EUR	NA	NA	NA	NA	NA	Yes	NA	0.333	0.09	NA	UM	33.7968899	0:LIVING	NA	NA	NA	NA	NA	33.7968899	0:CENSORED	NA	NA	NA	NA	Primary	Matched	UVM	72	NA	NA	Institut Curie	V4	NA	Uveal Melanoma	NA
uvm_tcga_pan_can_atlas_2018	TCGA-V4-A9EL	TCGA-V4-A9EL-01	NA	NA	0.1690	NA	NA	NA	NA	6	NA	NA	NA	1	NA	NA	0.2	NA	NA	NA	NA	NA	6	Ocular Melanoma	UVM	Uveal Melanoma	NA	NA	NA	NA	NA	32.2845777	0:ALIVE OR DEAD TUMOR FREE	NA	NA	EUR	NA	NA	NA	NA	NA	Yes	NA	0.3222	0.06	NA	UM	32.2845777	0:LIVING	NA	NA	NA	NA	NA	13.57793339	1:PROGRESSION	NA	NA	NA	NA	Primary	Matched	UVM	5	NA	NA	Institut Curie	V4	NA	Uveal Melanoma	NA
uvm_tcga_pan_can_atlas_2018	TCGA-V4-A9EM	TCGA-V4-A9EM-01	NA	NA	0.1244	NA	NA	NA	NA	18	NA	NA	NA	1	NA	NA	0.6	NA	NA	NA	NA	NA	4	Ocular Melanoma	UVM	Uveal Melanoma	NA	NA	NA	NA	NA	31.75855607	0:ALIVE OR DEAD TUMOR FREE	NA	NA	EUR	NA	NA	NA	NA	NA	Yes	NA	0.3265	0.04	NA	UM	31.75855607	0:LIVING	NA	NA	NA	NA	NA	31.75855607	0:CENSORED	NA	NA	NA	NA	Primary	Matched	UVM	3	NA	NA	Institut Curie	V4	NA	Uveal Melanoma	NA
uvm_tcga_pan_can_atlas_2018	TCGA-V4-A9EO	TCGA-V4-A9EO-01	NA	NA	0.5272	NA	NA	NA	NA	13	NA	NA	NA	1	NA	NA	0.433333333	NA	NA	NA	NA	NA	23	Ocular Melanoma	UVM	Uveal Melanoma	NA	NA	NA	NA	NA	25.41342013	0:ALIVE OR DEAD TUMOR FREE	NA	NA	EUR	NA	NA	NA	NA	NA	Yes	NA	0.3345	0.07	NA	UM	25.41342013	0:LIVING	NA	NA	NA	NA	NA	25.41342013	0:CENSORED	NA	NA	NA	NA	Primary	Matched	UVM	4	NA	NA	Institut Curie	V4	NA	Uveal Melanoma	NA
uvm_tcga_pan_can_atlas_2018	TCGA-V4-A9EQ	TCGA-V4-A9EQ-01	NA	NA	0.1694	NA	NA	NA	NA	9	NA	NA	NA	1	NA	NA	0.3	NA	NA	NA	NA	NA	5	Ocular Melanoma	UVM	Uveal Melanoma	NA	NA	NA	NA	NA	14.95874018	1:DEAD WITH TUMOR	NA	NA	EUR	NA	NA	NA	NA	NA	Yes	NA	0.3244	0.06	NA	UM	14.95874018	1:DECEASED	NA	NA	NA	NA	NA	8.284840714	1:PROGRESSION	NA	NA	NA	NA	Primary	Matched	UVM	6	NA	NA	Institut Curie	V4	NA	Uveal Melanoma	NA
uvm_tcga_pan_can_atlas_2018	TCGA-V4-A9ES	TCGA-V4-A9ES-01	NA	NA	0.2485	NA	NA	NA	NA	12	NA	NA	NA	1	NA	NA	0.4	NA	NA	NA	NA	NA	6	Ocular Melanoma	UVM	Uveal Melanoma	NA	NA	NA	NA	NA	49.67616793	0:ALIVE OR DEAD TUMOR FREE	NA	NA	EUR	NA	NA	NA	NA	NA	Yes	NA	0.3403	0.04	NA	UM	49.67616793	0:LIVING	NA	NA	NA	NA	NA	42.7063813	1:PROGRESSION	NA	NA	NA	NA	Primary	Matched	UVM	17	NA	NA	Institut Curie	V4	NA	Uveal Melanoma	NA
uvm_tcga_pan_can_atlas_2018	TCGA-V4-A9ET	TCGA-V4-A9ET-01	NA	NA	0.1228	NA	NA	NA	NA	8	NA	NA	NA	1	NA	NA	0.266666667	NA	NA	NA	NA	NA	3	Ocular Melanoma	UVM	Uveal Melanoma	NA	NA	NA	NA	NA	44.77759148	0:ALIVE OR DEAD TUMOR FREE	NA	NA	EUR	NA	NA	NA	NA	NA	Yes	NA	0.3314	0.01	NA	UM	44.77759148	0:LIVING	NA	NA	NA	NA	NA	44.77759148	0:CENSORED	NA	NA	NA	NA	Primary	Matched	UVM	8	NA	NA	Institut Curie	V4	NA	Uveal Melanoma	NA
uvm_tcga_pan_can_atlas_2018	TCGA-V4-A9EU	TCGA-V4-A9EU-01	NA	NA	0.2416	NA	NA	NA	NA	11	NA	NA	NA	1	NA	NA	0.366666667	NA	NA	NA	NA	NA	9	Ocular Melanoma	UVM	Uveal Melanoma	NA	NA	NA	NA	NA	23.3093336	0:ALIVE OR DEAD TUMOR FREE	NA	NA	EUR	NA	NA	NA	NA	NA	Yes	NA	0.3353	0.14	NA	UM	23.3093336	0:LIVING	NA	NA	NA	NA	NA	2.827366275	1:PROGRESSION	NA	NA	NA	NA	Primary	Matched	UVM	10	NA	NA	Institut Curie	V4	NA	Uveal Melanoma	NA
uvm_tcga_pan_can_atlas_2018	TCGA-V4-A9EV	TCGA-V4-A9EV-01	NA	NA	0.1012	NA	NA	NA	NA	7	NA	NA	NA	1	NA	NA	0.233333333	NA	NA	NA	NA	NA	3	Ocular Melanoma	UVM	Uveal Melanoma	NA	NA	NA	NA	NA	41.72009074	1:DEAD WITH TUMOR	NA	NA	EUR	NA	NA	NA	NA	NA	Yes	NA	0.3342	0.09	NA	UM	41.72009074	1:DECEASED	NA	NA	NA	NA	NA	41.72009074	1:PROGRESSION	NA	NA	NA	NA	Primary	Matched	UVM	2	NA	NA	Institut Curie	V4	NA	Uveal Melanoma	NA
uvm_tcga_pan_can_atlas_2018	TCGA-V4-A9EW	TCGA-V4-A9EW-01	NA	NA	0.0763	NA	NA	NA	NA	9	NA	NA	NA	1	NA	NA	0.3	NA	NA	NA	NA	NA	2	Ocular Melanoma	UVM	Uveal Melanoma	NA	NA	NA	NA	NA	39.81326232	0:ALIVE OR DEAD TUMOR FREE	NA	NA	EUR	NA	NA	NA	NA	NA	Yes	NA	0.3337	0.04	NA	UM	39.81326232	0:LIVING	NA	NA	NA	NA	NA	6.476641352	1:PROGRESSION	NA	NA	NA	NA	Primary	Matched	UVM	9	NA	NA	Institut Curie	V4	NA	Uveal Melanoma	NA
uvm_tcga_pan_can_atlas_2018	TCGA-V4-A9EX	TCGA-V4-A9EX-01	NA	NA	0.2286	NA	NA	NA	NA	7	NA	NA	NA	1	NA	NA	0.233333333	NA	NA	NA	NA	NA	7	Ocular Melanoma	UVM	Uveal Melanoma	NA	NA	NA	NA	NA	23.99973699	1:DEAD WITH TUMOR	NA	NA	EUR	NA	NA	NA	NA	NA	Yes	NA	0.3384	0.26	NA	UM	23.99973699	1:DECEASED	NA	NA	NA	NA	NA	12.52589013	1:PROGRESSION	NA	NA	NA	NA	Primary	Matched	UVM	23	NA	NA	Institut Curie	V4	NA	Uveal Melanoma	NA
uvm_tcga_pan_can_atlas_2018	TCGA-V4-A9EY	TCGA-V4-A9EY-01	NA	NA	0.0094	NA	NA	NA	NA	16	NA	NA	NA	1	NA	NA	0.533333333	NA	NA	NA	NA	NA	0	Ocular Melanoma	UVM	Uveal Melanoma	NA	NA	NA	NA	NA	27.51750666	0:ALIVE OR DEAD TUMOR FREE	NA	NA	EUR	NA	NA	NA	NA	NA	Yes	NA	0.3341	0.04	NA	UM	27.51750666	0:LIVING	NA	NA	NA	NA	NA	27.51750666	0:CENSORED	NA	NA	NA	NA	Primary	Matched	UVM	2	NA	NA	Institut Curie	V4	NA	Uveal Melanoma	NA
uvm_tcga_pan_can_atlas_2018	TCGA-V4-A9EZ	TCGA-V4-A9EZ-01	NA	NA	0.2150	NA	NA	NA	NA	16	NA	NA	NA	1	NA	NA	0.533333333	NA	NA	NA	NA	NA	6	Ocular Melanoma	UVM	Uveal Melanoma	NA	NA	NA	NA	NA	19.69293487	0:ALIVE OR DEAD TUMOR FREE	NA	NA	EUR	NA	NA	NA	NA	NA	Yes	NA	0.3184	0.07	NA	UM	19.69293487	0:LIVING	NA	NA	NA	NA	NA	19.69293487	0:CENSORED	NA	NA	NA	NA	Primary	Matched	UVM	11	NA	NA	Institut Curie	V4	NA	Uveal Melanoma	NA
uvm_tcga_pan_can_atlas_2018	TCGA-V4-A9F0	TCGA-V4-A9F0-01	NA	NA	0.1608	NA	NA	NA	NA	9	NA	NA	NA	1	NA	NA	0.3	NA	NA	NA	NA	NA	5	Ocular Melanoma	UVM	Uveal Melanoma	NA	NA	NA	NA	NA	31.06815268	1:DEAD WITH TUMOR	NA	NA	EUR	NA	NA	NA	NA	NA	Yes	NA	0.319	0.01	NA	UM	31.06815268	1:DECEASED	NA	NA	NA	NA	NA	16.07653615	1:PROGRESSION	NA	NA	NA	NA	Primary	Matched	UVM	35	NA	NA	Institut Curie	V4	NA	Uveal Melanoma	NA
uvm_tcga_pan_can_atlas_2018	TCGA-V4-A9F1	TCGA-V4-A9F1-01	NA	NA	0.2123	NA	NA	NA	NA	9	NA	NA	NA	1	NA	NA	0.3	NA	NA	NA	NA	NA	7	Ocular Melanoma	UVM	Uveal Melanoma	NA	NA	NA	NA	NA	30.83801821	0:ALIVE OR DEAD TUMOR FREE	NA	NA	EUR	NA	NA	NA	NA	NA	Yes	NA	0.3339	0.09	NA	UM	30.83801821	0:LIVING	NA	NA	NA	NA	NA	30.83801821	0:CENSORED	NA	NA	NA	NA	Primary	Matched	UVM	9	NA	NA	Institut Curie	V4	NA	Uveal Melanoma	NA
uvm_tcga_pan_can_atlas_2018	TCGA-V4-A9F2	TCGA-V4-A9F2-01	NA	NA	0.3469	NA	NA	NA	NA	5	NA	NA	NA	1	NA	NA	0.166666667	NA	NA	NA	NA	NA	15	Ocular Melanoma	UVM	Uveal Melanoma	NA	NA	NA	NA	NA	24.1312424	0:ALIVE OR DEAD TUMOR FREE	NA	NA	EUR	NA	NA	NA	NA	NA	Yes	NA	0.3349	0.06	NA	UM	24.1312424	0:LIVING	NA	NA	NA	NA	NA	24.1312424	0:CENSORED	NA	NA	NA	NA	Primary	Matched	UVM	2	NA	NA	Institut Curie	V4	NA	Uveal Melanoma	NA
uvm_tcga_pan_can_atlas_2018	TCGA-V4-A9F3	TCGA-V4-A9F3-01	NA	NA	0.1743	NA	NA	NA	NA	8	NA	NA	NA	1	NA	NA	0.266666667	NA	NA	NA	NA	NA	6	Ocular Melanoma	UVM	Uveal Melanoma	NA	NA	NA	NA	NA	28.70105533	1:DEAD WITH TUMOR	NA	NA	EUR	NA	NA	NA	NA	NA	Yes	NA	0.3345	0	NA	UM	28.70105533	1:DECEASED	NA	NA	NA	NA	NA	10.81631982	1:PROGRESSION	NA	NA	NA	NA	Primary	Matched	UVM	2	NA	NA	Institut Curie	V4	NA	Uveal Melanoma	NA
uvm_tcga_pan_can_atlas_2018	TCGA-V4-A9F4	TCGA-V4-A9F4-01	NA	NA	0.1067	NA	NA	NA	NA	18	NA	NA	NA	1	NA	NA	0.6	NA	NA	NA	NA	NA	3	Ocular Melanoma	UVM	Uveal Melanoma	NA	NA	NA	NA	NA	20.84360719	0:ALIVE OR DEAD TUMOR FREE	NA	NA	EUR	NA	NA	NA	NA	NA	Yes	NA	0.3338	0	NA	UM	20.84360719	0:LIVING	NA	NA	NA	NA	NA	20.84360719	0:CENSORED	NA	NA	NA	NA	Primary	Matched	UVM	33	NA	NA	Institut Curie	V4	NA	Uveal Melanoma	NA
uvm_tcga_pan_can_atlas_2018	TCGA-V4-A9F5	TCGA-V4-A9F5-01	NA	NA	0.2696	NA	NA	NA	NA	7	NA	NA	NA	1	NA	NA	0.233333333	NA	NA	NA	NA	NA	7	Ocular Melanoma	UVM	Uveal Melanoma	NA	NA	NA	NA	NA	6.673899464	0:ALIVE OR DEAD TUMOR FREE	NA	NA	EUR	NA	NA	NA	NA	NA	Yes	NA	0.3328	0.1	NA	UM	6.673899464	0:LIVING	NA	NA	NA	NA	NA	2.564355459	1:PROGRESSION	NA	NA	NA	NA	Primary	Matched	UVM	14	NA	NA	Institut Curie	V4	NA	Uveal Melanoma	NA
uvm_tcga_pan_can_atlas_2018	TCGA-V4-A9F7	TCGA-V4-A9F7-01	NA	NA	0.0138	NA	NA	NA	NA	13	NA	NA	NA	1	NA	NA	0.433333333	NA	NA	NA	NA	NA	1	Ocular Melanoma	UVM	Uveal Melanoma	NA	NA	NA	NA	NA	41.29269816	0:ALIVE OR DEAD TUMOR FREE	NA	NA	EUR	NA	NA	NA	NA	NA	Yes	NA	0.319	0.04	NA	UM	41.29269816	0:LIVING	NA	NA	NA	NA	NA	41.29269816	0:CENSORED	NA	NA	NA	NA	Primary	Matched	UVM	3	NA	NA	Institut Curie	V4	NA	Uveal Melanoma	NA
uvm_tcga_pan_can_atlas_2018	TCGA-V4-A9F8	TCGA-V4-A9F8-01	NA	NA	0.2365	NA	NA	NA	NA	19	NA	NA	NA	1	NA	NA	0.633333333	NA	NA	NA	NA	NA	8	Ocular Melanoma	UVM	Uveal Melanoma	NA	NA	NA	NA	NA	19.62718217	0:ALIVE OR DEAD TUMOR FREE	NA	NA	EUR	NA	NA	NA	NA	NA	Yes	NA	0.3278	0	NA	UM	19.62718217	0:LIVING	NA	NA	NA	NA	NA	19.62718217	0:CENSORED	NA	NA	NA	NA	Primary	Matched	UVM	7	NA	NA	Institut Curie	V4	NA	Uveal Melanoma	NA
uvm_tcga_pan_can_atlas_2018	TCGA-VD-A8K7	TCGA-VD-A8K7-01	NA	NA	0.0275	NA	NA	NA	NA	4	NA	NA	NA	1	NA	NA	0.133333333	NA	NA	NA	NA	NA	1	Ocular Melanoma	UVM	Uveal Melanoma	NA	NA	NA	NA	NA	47.96659763	0:ALIVE OR DEAD TUMOR FREE	NA	NA	EUR	NA	NA	NA	NA	NA	Yes	NA	0.3207	0	NA	UM	47.96659763	0:LIVING	NA	NA	NA	NA	NA	47.96659763	0:CENSORED	NA	NA	NA	NA	Primary	Matched	UVM	11	NA	NA	University of Liverpool	VD	NA	Uveal Melanoma	NA
uvm_tcga_pan_can_atlas_2018	TCGA-VD-A8K8	TCGA-VD-A8K8-01	NA	NA	0.1157	NA	NA	NA	NA	13	NA	NA	NA	1	NA	NA	0.433333333	NA	NA	NA	NA	NA	4	Ocular Melanoma	UVM	Uveal Melanoma	NA	NA	NA	NA	NA	45.27073676	1:DEAD WITH TUMOR	NA	NA	EUR	NA	NA	NA	NA	NA	Yes	NA	0.3225	0.1	NA	UM	45.27073676	1:DECEASED	NA	NA	NA	NA	NA	45.27073676	1:PROGRESSION	NA	NA	NA	NA	Primary	Matched	UVM	1	NA	NA	University of Liverpool	VD	NA	Uveal Melanoma	NA
uvm_tcga_pan_can_atlas_2018	TCGA-VD-A8K9	TCGA-VD-A8K9-01	NA	NA	0.1190	NA	NA	NA	NA	7	NA	NA	NA	1	NA	NA	0.233333333	NA	NA	NA	NA	NA	2	Ocular Melanoma	UVM	Uveal Melanoma	NA	NA	NA	NA	NA	46.81592531	0:ALIVE OR DEAD TUMOR FREE	NA	NA	EUR	NA	NA	NA	NA	NA	Yes	NA	0.3356	0.09	NA	UM	46.81592531	0:LIVING	NA	NA	NA	NA	NA	46.81592531	0:CENSORED	NA	NA	NA	NA	Primary	Matched	UVM	16	NA	NA	University of Liverpool	VD	NA	Uveal Melanoma	NA
uvm_tcga_pan_can_atlas_2018	TCGA-VD-A8KA	TCGA-VD-A8KA-01	NA	NA	0.1096	NA	NA	NA	NA	14	NA	NA	NA	1	NA	NA	0.466666667	NA	NA	NA	NA	NA	3	Ocular Melanoma	UVM	Uveal Melanoma	NA	NA	NA	NA	NA	38.7283427	0:ALIVE OR DEAD TUMOR FREE	NA	NA	EUR	NA	NA	NA	NA	NA	Yes	NA	0.3254	0.06	NA	UM	38.7283427	0:LIVING	NA	NA	NA	NA	NA	33.13936286	1:PROGRESSION	NA	NA	NA	NA	Primary	Matched	UVM	12	NA	NA	University of Liverpool	VD	NA	Uveal Melanoma	NA
uvm_tcga_pan_can_atlas_2018	TCGA-VD-A8KB	TCGA-VD-A8KB-01	NA	NA	0.0880	NA	NA	NA	NA	15	NA	NA	NA	1	NA	NA	0.5	NA	NA	NA	NA	NA	2	Ocular Melanoma	UVM	Uveal Melanoma	NA	NA	NA	NA	NA	44.51458066	0:ALIVE OR DEAD TUMOR FREE	NA	NA	EUR	NA	NA	NA	NA	NA	Yes	NA	0.3213	0.08	NA	UM	44.51458066	0:LIVING	NA	NA	NA	NA	NA	33.92839531	1:PROGRESSION	NA	NA	NA	NA	Primary	Matched	UVM	13	NA	NA	University of Liverpool	VD	NA	Uveal Melanoma	NA
uvm_tcga_pan_can_atlas_2018	TCGA-VD-A8KD	TCGA-VD-A8KD-01	NA	NA	0.1252	NA	NA	NA	NA	17	NA	NA	NA	1	NA	NA	0.566666667	NA	NA	NA	NA	NA	4	Ocular Melanoma	UVM	Uveal Melanoma	NA	NA	NA	NA	NA	3.747904133	1:DEAD WITH TUMOR	NA	NA	EUR	NA	NA	NA	NA	NA	Yes	NA	0.3291	0.08	NA	UM	3.747904133	1:DECEASED	NA	NA	NA	NA	NA	NA	1:PROGRESSION	NA	NA	NA	NA	Primary	Matched	UVM	7	NA	NA	University of Liverpool	VD	NA	Uveal Melanoma	NA
uvm_tcga_pan_can_atlas_2018	TCGA-VD-A8KE	TCGA-VD-A8KE-01	NA	NA	0.1068	NA	NA	NA	NA	14	NA	NA	NA	1	NA	NA	0.466666667	NA	NA	NA	NA	NA	4	Ocular Melanoma	UVM	Uveal Melanoma	NA	NA	NA	NA	NA	26.99148503	0:ALIVE OR DEAD TUMOR FREE	NA	NA	EUR	NA	NA	NA	NA	NA	Yes	NA	0.3195	0	NA	UM	26.99148503	0:LIVING	NA	NA	NA	NA	NA	26.99148503	0:CENSORED	NA	NA	NA	NA	Primary	Matched	UVM	3	NA	NA	University of Liverpool	VD	NA	Uveal Melanoma	NA
uvm_tcga_pan_can_atlas_2018	TCGA-VD-A8KF	TCGA-VD-A8KF-01	NA	NA	0.1701	NA	NA	NA	NA	6	NA	NA	NA	1	NA	NA	0.2	NA	NA	NA	NA	NA	6	Ocular Melanoma	UVM	Uveal Melanoma	NA	NA	NA	NA	NA	1.315054082	1:DEAD WITH TUMOR	NA	NA	EUR	NA	NA	NA	NA	NA	Yes	NA	0.3191	0	NA	UM	1.315054082	1:DECEASED	NA	NA	NA	NA	NA	1.315054082	1:PROGRESSION	NA	NA	NA	NA	Primary	Matched	UVM	3	NA	NA	University of Liverpool	VD	NA	Uveal Melanoma	NA
uvm_tcga_pan_can_atlas_2018	TCGA-VD-A8KG	TCGA-VD-A8KG-01	NA	NA	0.1006	NA	NA	NA	NA	16	NA	NA	NA	1	NA	NA	0.533333333	NA	NA	NA	NA	NA	4	Ocular Melanoma	UVM	Uveal Melanoma	NA	NA	NA	NA	NA	0.624650689	0:ALIVE OR DEAD TUMOR FREE	NA	NA	EUR	NA	NA	NA	NA	NA	Yes	NA	0.3293	0.07	NA	UM	0.624650689	0:LIVING	NA	NA	NA	NA	NA	0.624650689	0:CENSORED	NA	NA	NA	NA	Primary	Matched	UVM	49	NA	NA	University of Liverpool	VD	NA	Uveal Melanoma	NA
uvm_tcga_pan_can_atlas_2018	TCGA-VD-A8KH	TCGA-VD-A8KH-01	NA	NA	0.1471	NA	NA	NA	NA	14	NA	NA	NA	1	NA	NA	0.466666667	NA	NA	NA	NA	NA	3	Ocular Melanoma	UVM	Uveal Melanoma	NA	NA	NA	NA	NA	38.07081566	0:ALIVE OR DEAD TUMOR FREE	NA	NA	EUR	NA	NA	NA	NA	NA	Yes	NA	0.3257	0.03	NA	UM	38.07081566	0:LIVING	NA	NA	NA	NA	NA	38.07081566	0:CENSORED	NA	NA	NA	NA	Primary	Matched	UVM	59	NA	NA	University of Liverpool	VD	NA	Uveal Melanoma	NA
uvm_tcga_pan_can_atlas_2018	TCGA-VD-A8KI	TCGA-VD-A8KI-01	NA	NA	0.2014	NA	NA	NA	NA	20	NA	NA	NA	1	NA	NA	0.666666667	NA	NA	NA	NA	NA	7	Ocular Melanoma	UVM	Uveal Melanoma	NA	NA	NA	NA	NA	36.59137982	1:DEAD WITH TUMOR	NA	NA	EUR	NA	NA	NA	NA	NA	Yes	NA	0.337	0.11	NA	UM	36.59137982	1:DECEASED	NA	NA	NA	NA	NA	36.59137982	1:PROGRESSION	NA	NA	NA	NA	Primary	Matched	UVM	9	NA	NA	University of Liverpool	VD	NA	Uveal Melanoma	NA
uvm_tcga_pan_can_atlas_2018	TCGA-VD-A8KJ	TCGA-VD-A8KJ-01	NA	NA	0.1873	NA	NA	NA	NA	11	NA	NA	NA	1	NA	NA	0.366666667	NA	NA	NA	NA	NA	5	Ocular Melanoma	UVM	Uveal Melanoma	NA	NA	NA	NA	NA	37.80780485	0:ALIVE OR DEAD TUMOR FREE	NA	NA	EUR	NA	NA	NA	NA	NA	Yes	NA	0.3285	0.08	NA	UM	37.80780485	0:LIVING	NA	NA	NA	NA	NA	37.80780485	0:CENSORED	NA	NA	NA	NA	Primary	Matched	UVM	478	NA	NA	University of Liverpool	VD	NA	Uveal Melanoma	NA
uvm_tcga_pan_can_atlas_2018	TCGA-VD-A8KK	TCGA-VD-A8KK-01	NA	NA	0.0944	NA	NA	NA	NA	14	NA	NA	NA	1	NA	NA	0.466666667	NA	NA	NA	NA	NA	2	Ocular Melanoma	UVM	Uveal Melanoma	NA	NA	NA	NA	NA	2.104086531	0:ALIVE OR DEAD TUMOR FREE	NA	NA	EUR	NA	NA	NA	NA	NA	Yes	NA	0.3169	0.08	NA	UM	2.104086531	0:LIVING	NA	NA	NA	NA	NA	2.104086531	0:CENSORED	NA	NA	NA	NA	Primary	Matched	UVM	1	NA	NA	University of Liverpool	VD	NA	Uveal Melanoma	NA
uvm_tcga_pan_can_atlas_2018	TCGA-VD-A8KL	TCGA-VD-A8KL-01	NA	NA	0.4523	NA	NA	NA	NA	20	NA	NA	NA	1	NA	NA	0.666666667	NA	NA	NA	NA	NA	20	Ocular Melanoma	UVM	Uveal Melanoma	NA	NA	NA	NA	NA	20.9751126	0:ALIVE OR DEAD TUMOR FREE	NA	NA	EUR	NA	NA	NA	NA	NA	Yes	NA	0.348	0	NA	UM	20.9751126	0:LIVING	NA	NA	NA	NA	NA	20.9751126	0:CENSORED	NA	NA	NA	NA	Primary	Matched	UVM	3	NA	NA	University of Liverpool	VD	NA	Uveal Melanoma	NA
uvm_tcga_pan_can_atlas_2018	TCGA-VD-A8KM	TCGA-VD-A8KM-01	NA	NA	0.1889	NA	NA	NA	NA	12	NA	NA	NA	1	NA	NA	0.4	NA	NA	NA	NA	NA	9	Ocular Melanoma	UVM	Uveal Melanoma	NA	NA	NA	NA	NA	0.131505408	0:ALIVE OR DEAD TUMOR FREE	NA	NA	EUR	NA	NA	NA	NA	NA	Yes	NA	0.3177	0.06	NA	UM	0.131505408	0:LIVING	NA	NA	NA	NA	NA	0.131505408	0:CENSORED	NA	NA	NA	NA	Primary	Matched	UVM	20	NA	NA	University of Liverpool	VD	NA	Uveal Melanoma	NA
uvm_tcga_pan_can_atlas_2018	TCGA-VD-A8KN	TCGA-VD-A8KN-01	NA	NA	0.1014	NA	NA	NA	NA	10	NA	NA	NA	1	NA	NA	0.333333333	NA	NA	NA	NA	NA	3	Ocular Melanoma	UVM	Uveal Melanoma	NA	NA	NA	NA	NA	2.235591939	0:ALIVE OR DEAD TUMOR FREE	NA	NA	EUR	NA	NA	NA	NA	NA	Yes	NA	0.3261	0.08	NA	UM	2.235591939	0:LIVING	NA	NA	NA	NA	NA	2.235591939	0:CENSORED	NA	NA	NA	NA	Primary	Matched	UVM	6	NA	NA	University of Liverpool	VD	NA	Uveal Melanoma	NA
uvm_tcga_pan_can_atlas_2018	TCGA-VD-A8KO	TCGA-VD-A8KO-01	NA	NA	0.0463	NA	NA	NA	NA	9	NA	NA	NA	1	NA	NA	0.3	NA	NA	NA	NA	NA	2	Ocular Melanoma	UVM	Uveal Melanoma	NA	NA	NA	NA	NA	26.13669987	0:ALIVE OR DEAD TUMOR FREE	NA	NA	EUR	NA	NA	NA	NA	NA	Yes	NA	0.3296	0.05	NA	UM	26.13669987	0:LIVING	NA	NA	NA	NA	NA	26.13669987	0:CENSORED	NA	NA	NA	NA	Primary	Matched	UVM	3	NA	NA	University of Liverpool	VD	NA	Uveal Melanoma	NA
uvm_tcga_pan_can_atlas_2018	TCGA-VD-AA8M	TCGA-VD-AA8M-01	NA	NA	0.0170	NA	NA	NA	NA	21	NA	NA	NA	1	NA	NA	0.7	NA	NA	NA	NA	NA	0	Ocular Melanoma	UVM	Uveal Melanoma	NA	NA	NA	NA	NA	0.197258112	0:ALIVE OR DEAD TUMOR FREE	NA	NA	EUR	NA	NA	NA	NA	NA	Yes	NA	0.3434	0.02	NA	UM	0.197258112	0:LIVING	NA	NA	NA	NA	NA	0.197258112	0:CENSORED	NA	NA	NA	NA	Primary	Matched	UVM	16	NA	NA	University of Liverpool	VD	NA	Uveal Melanoma	NA
uvm_tcga_pan_can_atlas_2018	TCGA-VD-AA8N	TCGA-VD-AA8N-01	NA	NA	0.1680	NA	NA	NA	NA	7	NA	NA	NA	1	NA	NA	0.233333333	NA	NA	NA	NA	NA	6	Ocular Melanoma	UVM	Uveal Melanoma	NA	NA	NA	NA	NA	1.44655949	0:ALIVE OR DEAD TUMOR FREE	NA	NA	EUR	NA	NA	NA	NA	NA	Yes	NA	0.3392	0.21	NA	UM	1.44655949	0:LIVING	NA	NA	NA	NA	NA	1.44655949	0:CENSORED	NA	NA	NA	NA	Primary	Matched	UVM	8	NA	NA	University of Liverpool	VD	NA	Uveal Melanoma	NA
uvm_tcga_pan_can_atlas_2018	TCGA-VD-AA8O	TCGA-VD-AA8O-01	NA	NA	0.5994	NA	NA	NA	NA	17	NA	NA	NA	1	NA	NA	0.566666667	NA	NA	NA	NA	NA	24	Ocular Melanoma	UVM	Uveal Melanoma	NA	NA	NA	NA	NA	19.92306934	1:DEAD WITH TUMOR	NA	NA	EUR	NA	NA	NA	NA	NA	Yes	NA	0.3528	0.37	NA	UM	19.92306934	1:DECEASED	NA	NA	NA	NA	NA	19.92306934	1:PROGRESSION	NA	NA	NA	NA	Primary	Matched	UVM	25	NA	NA	University of Liverpool	VD	NA	Uveal Melanoma	NA
uvm_tcga_pan_can_atlas_2018	TCGA-VD-AA8P	TCGA-VD-AA8P-01	NA	NA	0.2708	NA	NA	NA	NA	15	NA	NA	NA	1	NA	NA	0.466666667	NA	NA	NA	NA	NA	8	Ocular Melanoma	UVM	Uveal Melanoma	NA	NA	NA	NA	NA	2.827366275	0:ALIVE OR DEAD TUMOR FREE	NA	NA	EUR	NA	NA	NA	NA	NA	Yes	NA	0.3345	0	NA	UM	2.827366275	0:LIVING	NA	NA	NA	NA	NA	2.827366275	0:CENSORED	NA	NA	NA	NA	Primary	Matched	UVM	9	NA	NA	University of Liverpool	VD	NA	Uveal Melanoma	NA
uvm_tcga_pan_can_atlas_2018	TCGA-VD-AA8Q	TCGA-VD-AA8Q-01	NA	NA	0.0368	NA	NA	NA	NA	16	NA	NA	NA	1	NA	NA	0.533333333	NA	NA	NA	NA	NA	3	Ocular Melanoma	UVM	Uveal Melanoma	NA	NA	NA	NA	NA	20.9093599	1:DEAD WITH TUMOR	NA	NA	EUR	NA	NA	NA	NA	NA	Yes	NA	0.3157	0.05	NA	UM	20.9093599	1:DECEASED	NA	NA	NA	NA	NA	20.9093599	0:CENSORED	NA	NA	NA	NA	Primary	Matched	UVM	4	NA	NA	University of Liverpool	VD	NA	Uveal Melanoma	NA
uvm_tcga_pan_can_atlas_2018	TCGA-VD-AA8R	TCGA-VD-AA8R-01	NA	NA	0.0002	NA	NA	NA	NA	12	NA	NA	NA	1	NA	NA	0.4	NA	NA	NA	NA	NA	0	Ocular Melanoma	UVM	Uveal Melanoma	NA	NA	NA	NA	NA	0.197258112	0:ALIVE OR DEAD TUMOR FREE	NA	NA	EUR	NA	NA	NA	NA	NA	Yes	NA	0.3206	0.02	NA	UM	0.197258112	0:LIVING	NA	NA	NA	NA	NA	0.197258112	0:CENSORED	NA	NA	NA	NA	Primary	Matched	UVM	4	NA	NA	University of Liverpool	VD	NA	Uveal Melanoma	NA
uvm_tcga_pan_can_atlas_2018	TCGA-VD-AA8S	TCGA-VD-AA8S-01	NA	NA	0.2454	NA	NA	NA	NA	8	NA	NA	NA	1	NA	NA	0.266666667	NA	NA	NA	NA	NA	10	Ocular Melanoma	UVM	Uveal Melanoma	NA	NA	NA	NA	NA	14.03820232	0:ALIVE OR DEAD TUMOR FREE	NA	NA	EUR	NA	NA	NA	NA	NA	Yes	NA	0.3288	0.06	NA	UM	14.03820232	0:LIVING	NA	NA	NA	NA	NA	14.03820232	0:CENSORED	NA	NA	NA	NA	Primary	Matched	UVM	13	NA	NA	University of Liverpool	VD	NA	Uveal Melanoma	NA
uvm_tcga_pan_can_atlas_2018	TCGA-VD-AA8T	TCGA-VD-AA8T-01	NA	NA	0.1545	NA	NA	NA	NA	10	NA	NA	NA	1	NA	NA	0.333333333	NA	NA	NA	NA	NA	5	Ocular Melanoma	UVM	Uveal Melanoma	NA	NA	NA	NA	NA	1.61094125	0:ALIVE OR DEAD TUMOR FREE	NA	NA	EUR	NA	NA	NA	NA	NA	Yes	NA	0.3336	0.07	NA	UM	1.61094125	0:LIVING	NA	NA	NA	NA	NA	1.61094125	0:CENSORED	NA	NA	NA	NA	Primary	Matched	UVM	12	NA	NA	University of Liverpool	VD	NA	Uveal Melanoma	NA
uvm_tcga_pan_can_atlas_2018	TCGA-WC-A87T	TCGA-WC-A87T-01	NA	NA	0.0256	NA	NA	NA	NA	12	NA	NA	NA	1	NA	NA	0.366666667	NA	NA	NA	NA	NA	0	Ocular Melanoma	UVM	Uveal Melanoma	NA	NA	NA	NA	NA	85.4785153	0:ALIVE OR DEAD TUMOR FREE	NA	NA	EUR	NA	NA	NA	NA	NA	Yes	NA	0.3262	0.05	NA	UM	85.4785153	0:LIVING	NA	NA	NA	NA	NA	66.41023112	1:PROGRESSION	NA	NA	NA	NA	Primary	Matched	UVM	6	NA	NA	MD Anderson	WC	NA	Uveal Melanoma	NA
uvm_tcga_pan_can_atlas_2018	TCGA-WC-A87U	TCGA-WC-A87U-01	NA	NA	0.0194	NA	NA	NA	NA	13	NA	NA	NA	1	NA	NA	0.433333333	NA	NA	NA	NA	NA	1	Ocular Melanoma	UVM	Uveal Melanoma	NA	NA	NA	NA	NA	51.97751258	0:ALIVE OR DEAD TUMOR FREE	NA	NA	EUR	NA	NA	NA	NA	NA	Yes	NA	0.3176	0.02	NA	UM	51.97751258	1:DECEASED	NA	NA	NA	NA	NA	51.97751258	1:PROGRESSION	NA	NA	NA	NA	Primary	Matched	UVM	1	NA	NA	MD Anderson	WC	NA	Uveal Melanoma	NA
uvm_tcga_pan_can_atlas_2018	TCGA-WC-A87W	TCGA-WC-A87W-01	NA	NA	0.1027	NA	NA	NA	NA	8	NA	NA	NA	1	NA	NA	0.266666667	NA	NA	NA	NA	NA	3	Ocular Melanoma	UVM	Uveal Melanoma	NA	NA	NA	NA	NA	55.98842752	0:ALIVE OR DEAD TUMOR FREE	NA	NA	EUR	NA	NA	NA	NA	NA	Yes	NA	0.3318	0	NA	UM	55.98842752	0:LIVING	NA	NA	NA	NA	NA	19.92306934	1:PROGRESSION	NA	NA	NA	NA	Primary	Matched	UVM	7	NA	NA	MD Anderson	WC	NA	Uveal Melanoma	NA
uvm_tcga_pan_can_atlas_2018	TCGA-WC-A87Y	TCGA-WC-A87Y-01	NA	NA	0.1011	NA	NA	NA	NA	9	NA	NA	NA	1	NA	NA	0.3	NA	NA	NA	NA	NA	3	Ocular Melanoma	UVM	Uveal Melanoma	NA	NA	NA	NA	NA	43.19952658	1:DEAD WITH TUMOR	NA	NA	EUR	NA	NA	NA	NA	NA	Yes	NA	0.3347	0.07	NA	UM	43.19952658	1:DECEASED	NA	NA	NA	NA	NA	43.19952658	0:CENSORED	NA	NA	NA	NA	Primary	Matched	UVM	1	NA	NA	MD Anderson	WC	NA	Uveal Melanoma	NA
uvm_tcga_pan_can_atlas_2018	TCGA-WC-A880	TCGA-WC-A880-01	NA	NA	0.0201	NA	NA	NA	NA	9	NA	NA	NA	1	NA	NA	0.3	NA	NA	NA	NA	NA	1	Ocular Melanoma	UVM	Uveal Melanoma	NA	NA	NA	NA	NA	41.35845087	0:ALIVE OR DEAD TUMOR FREE	NA	NA	EUR	NA	NA	NA	NA	NA	Yes	NA	0.3274	0.05	NA	UM	41.35845087	0:LIVING	NA	NA	NA	NA	NA	41.35845087	0:CENSORED	NA	NA	NA	NA	Primary	Matched	UVM	8	NA	NA	MD Anderson	WC	NA	Uveal Melanoma	NA
uvm_tcga_pan_can_atlas_2018	TCGA-WC-A881	TCGA-WC-A881-01	NA	NA	0.1388	NA	NA	NA	NA	12	NA	NA	NA	1	NA	NA	0.4	NA	NA	NA	NA	NA	3	Ocular Melanoma	UVM	Uveal Melanoma	NA	NA	NA	NA	NA	35.01331492	0:ALIVE OR DEAD TUMOR FREE	NA	NA	EUR	NA	NA	NA	NA	NA	Yes	NA	0.3174	0.08	NA	UM	35.01331492	0:LIVING	NA	NA	NA	NA	NA	35.01331492	0:CENSORED	NA	NA	NA	NA	Primary	Matched	UVM	14	NA	NA	MD Anderson	WC	NA	Uveal Melanoma	NA
uvm_tcga_pan_can_atlas_2018	TCGA-WC-A882	TCGA-WC-A882-01	NA	NA	0.1807	NA	NA	NA	NA	11	NA	NA	NA	1	NA	NA	0.366666667	NA	NA	NA	NA	NA	4	Ocular Melanoma	UVM	Uveal Melanoma	NA	NA	NA	NA	NA	36.55850347	0:ALIVE OR DEAD TUMOR FREE	NA	NA	EUR	NA	NA	NA	NA	NA	Yes	NA	0.3193	0.02	NA	UM	36.55850347	0:LIVING	NA	NA	NA	NA	NA	36.55850347	0:CENSORED	NA	NA	NA	NA	Primary	Matched	UVM	11	NA	NA	MD Anderson	WC	NA	Uveal Melanoma	NA
uvm_tcga_pan_can_atlas_2018	TCGA-WC-A883	TCGA-WC-A883-01	NA	NA	0.2314	NA	NA	NA	NA	10	NA	NA	NA	1	NA	NA	0.333333333	NA	NA	NA	NA	NA	8	Ocular Melanoma	UVM	Uveal Melanoma	NA	NA	NA	NA	NA	7.923200842	1:DEAD WITH TUMOR	NA	NA	EUR	NA	NA	NA	NA	NA	Yes	NA	0.334	0.13	NA	UM	7.923200842	1:DECEASED	NA	NA	NA	NA	NA	7.923200842	1:PROGRESSION	NA	NA	NA	NA	Primary	Matched	UVM	12	NA	NA	MD Anderson	WC	NA	Uveal Melanoma	NA
uvm_tcga_pan_can_atlas_2018	TCGA-WC-A884	TCGA-WC-A884-01	NA	NA	0.0606	NA	NA	NA	NA	9	NA	NA	NA	1	NA	NA	0.3	NA	NA	NA	NA	NA	3	Ocular Melanoma	UVM	Uveal Melanoma	NA	NA	NA	NA	NA	0.394516225	0:ALIVE OR DEAD TUMOR FREE	NA	NA	EUR	NA	NA	NA	NA	NA	Yes	NA	0.3311	0.08	NA	UM	0.394516225	0:LIVING	NA	NA	NA	NA	NA	0.394516225	0:CENSORED	NA	NA	NA	NA	Primary	Matched	UVM	82	NA	NA	MD Anderson	WC	NA	Uveal Melanoma	NA
uvm_tcga_pan_can_atlas_2018	TCGA-WC-A885	TCGA-WC-A885-01	NA	NA	0.0462	NA	NA	NA	NA	16	NA	NA	NA	1	NA	NA	0.533333333	NA	NA	NA	NA	NA	1	Ocular Melanoma	UVM	Uveal Melanoma	NA	NA	NA	NA	NA	22.5531775	0:ALIVE OR DEAD TUMOR FREE	NA	NA	EUR	NA	NA	NA	NA	NA	Yes	NA	0.31	0	NA	UM	22.5531775	0:LIVING	NA	NA	NA	NA	NA	22.5531775	0:CENSORED	NA	NA	NA	NA	Primary	Matched	UVM	7	NA	NA	MD Anderson	WC	NA	Uveal Melanoma	NA
uvm_tcga_pan_can_atlas_2018	TCGA-WC-A888	TCGA-WC-A888-01	NA	NA	0.1160	NA	NA	NA	NA	13	NA	NA	NA	1	NA	NA	0.433333333	NA	NA	NA	NA	NA	1	Ocular Melanoma	UVM	Uveal Melanoma	NA	NA	NA	NA	NA	18.90390242	0:ALIVE OR DEAD TUMOR FREE	NA	NA	EUR	NA	NA	NA	NA	NA	Yes	NA	0.3211	0.05	NA	UM	18.90390242	1:DECEASED	NA	NA	NA	NA	NA	18.90390242	0:CENSORED	NA	NA	NA	NA	Primary	Matched	UVM	4	NA	NA	MD Anderson	WC	NA	Uveal Melanoma	NA
uvm_tcga_pan_can_atlas_2018	TCGA-WC-A88A	TCGA-WC-A88A-01	NA	NA	0.2451	NA	NA	NA	NA	15	NA	NA	NA	1	NA	NA	0.5	NA	NA	NA	NA	NA	7	Ocular Melanoma	UVM	Uveal Melanoma	NA	NA	NA	NA	NA	2.695860867	1:DEAD WITH TUMOR	NA	NA	EUR	NA	NA	NA	NA	NA	Yes	NA	0.3213	0.17	NA	UM	2.695860867	1:DECEASED	NA	NA	NA	NA	NA	2.695860867	1:PROGRESSION	NA	NA	NA	NA	Primary	Matched	UVM	7	NA	NA	MD Anderson	WC	NA	Uveal Melanoma	NA
uvm_tcga_pan_can_atlas_2018	TCGA-WC-AA9A	TCGA-WC-AA9A-01	NA	NA	0.1732	NA	NA	NA	NA	11	NA	NA	NA	1	NA	NA	0.366666667	NA	NA	NA	NA	NA	6	Ocular Melanoma	UVM	Uveal Melanoma	NA	NA	NA	NA	NA	14.89298747	1:DEAD WITH TUMOR	NA	NA	EUR	NA	NA	NA	NA	NA	Yes	NA	0.3244	0.2	NA	UM	14.89298747	1:DECEASED	NA	NA	NA	NA	NA	12.19712661	1:PROGRESSION	NA	NA	NA	NA	Primary	Matched	UVM	5	NA	NA	MD Anderson	WC	NA	Uveal Melanoma	NA
uvm_tcga_pan_can_atlas_2018	TCGA-WC-AA9E	TCGA-WC-AA9E-01	NA	NA	0.2118	NA	NA	NA	NA	15	NA	NA	NA	1	NA	NA	0.5	NA	NA	NA	NA	NA	7	Ocular Melanoma	UVM	Uveal Melanoma	NA	NA	NA	NA	NA	27.55038301	0:ALIVE OR DEAD TUMOR FREE	NA	NA	EUR	NA	NA	NA	NA	NA	Yes	NA	0.3213	0.14	NA	UM	27.55038301	0:LIVING	NA	NA	NA	NA	NA	27.55038301	0:CENSORED	NA	NA	NA	NA	Primary	Matched	UVM	17	NA	NA	MD Anderson	WC	NA	Uveal Melanoma	NA
uvm_tcga_pan_can_atlas_2018	TCGA-YZ-A980	TCGA-YZ-A980-01	NA	NA	0.1159	NA	NA	NA	NA	8	NA	NA	NA	1	NA	NA	0.266666667	NA	NA	NA	NA	NA	4	Ocular Melanoma	UVM	Uveal Melanoma	NA	NA	NA	NA	NA	61.2157675	0:ALIVE OR DEAD TUMOR FREE	NA	NA	EUR	NA	NA	NA	NA	NA	Yes	NA	0.3311	0.06	NA	UM	61.2157675	0:LIVING	NA	NA	NA	NA	NA	51.15560377	1:PROGRESSION	NA	NA	NA	NA	Primary	Matched	UVM	3	NA	NA	The Ohio State University	YZ	NA	Uveal Melanoma	NA
uvm_tcga_pan_can_atlas_2018	TCGA-YZ-A982	TCGA-YZ-A982-01	NA	NA	0.4334	NA	NA	NA	NA	20	NA	NA	NA	1	NA	NA	0.7	NA	NA	NA	NA	NA	18	Ocular Melanoma	UVM	Uveal Melanoma	NA	NA	NA	NA	NA	16.27379426	0:ALIVE OR DEAD TUMOR FREE	NA	NA	EUR	NA	NA	NA	NA	NA	Yes	NA	0.3299	0.04	NA	UM	16.27379426	0:LIVING	NA	NA	NA	NA	NA	16.27379426	0:CENSORED	NA	NA	NA	NA	Primary	Matched	UVM	27	NA	NA	The Ohio State University	YZ	NA	Uveal Melanoma	NA
uvm_tcga_pan_can_atlas_2018	TCGA-YZ-A983	TCGA-YZ-A983-01	NA	NA	0.0251	NA	NA	NA	NA	17	NA	NA	NA	1	NA	NA	0.566666667	NA	NA	NA	NA	NA	1	Ocular Melanoma	UVM	Uveal Melanoma	NA	NA	NA	NA	NA	26.23532893	0:ALIVE OR DEAD TUMOR FREE	NA	NA	EUR	NA	NA	NA	NA	NA	Yes	NA	0.3391	0.04	NA	UM	26.23532893	0:LIVING	NA	NA	NA	NA	NA	26.23532893	0:CENSORED	NA	NA	NA	NA	Primary	Matched	UVM	6	NA	NA	The Ohio State University	YZ	NA	Uveal Melanoma	NA
uvm_tcga_pan_can_atlas_2018	TCGA-YZ-A984	TCGA-YZ-A984-01	NA	NA	0.4976	NA	NA	NA	NA	8	NA	NA	NA	1	NA	NA	0.266666667	NA	NA	NA	NA	NA	19	Ocular Melanoma	UVM	Uveal Melanoma	NA	NA	NA	NA	NA	45.89538745	1:DEAD WITH TUMOR	NA	NA	EUR	NA	NA	NA	NA	NA	Yes	NA	0.3362	0.12	NA	UM	45.89538745	1:DECEASED	NA	NA	NA	NA	NA	5.062958214	1:PROGRESSION	NA	NA	NA	NA	Primary	Matched	UVM	5	NA	NA	The Ohio State University	YZ	NA	Uveal Melanoma	NA
uvm_tcga_pan_can_atlas_2018	TCGA-YZ-A985	TCGA-YZ-A985-01	NA	NA	0.0673	NA	NA	NA	NA	390	NA	NA	NA	1	NA	NA	13.06666667	NA	NA	NA	NA	NA	2	Ocular Melanoma	UVM	Uveal Melanoma	NA	NA	NA	NA	NA	38.92560082	0:ALIVE OR DEAD TUMOR FREE	NA	NA	EUR	NA	NA	NA	NA	NA	Yes	NA	0.3478	0.13	NA	UM	38.92560082	0:LIVING	NA	NA	NA	NA	NA	38.92560082	0:CENSORED	NA	NA	NA	NA	Primary	Matched	UVM	3	NA	NA	The Ohio State University	YZ	NA	Uveal Melanoma	NA
rbl_mskcc_2020	C-001957	s_C_001957_T001_d	No	No	0.1271	NA	Yes	NA	No	4	Yes	No	No	1	Female	Yes	7.78228285485	Yes	Yes	NA	NA	NA	NA	NA	NA	NA	NA	NA	NA	NA	NA	NA	NA	NA	NA	NA	NA	NA	NA	NA	NA	NA	NA	NA	NA	NA	NA	NA	NA	NA	NA	NA	NA	NA	NA	NA	NA	NA	NA	NA	NA	NA	NA	NA	NA	NA	NA	NA	NA	NA	NA
rbl_mskcc_2020	C-001959	s_C_001959_T001_d	No	No	0.2205	NA	NA	NA	No	6	No	No	Yes	1	Male	Yes	14.6998676147	Yes	No	NA	NA	NA	NA	NA	NA	NA	NA	NA	NA	NA	NA	NA	NA	NA	NA	NA	NA	NA	NA	NA	NA	NA	NA	NA	NA	NA	NA	NA	NA	NA	NA	NA	NA	NA	NA	NA	NA	NA	NA	NA	NA	NA	NA	NA	NA	NA	NA	NA	NA	NA	NA
rbl_mskcc_2020	C-001960	s_C_001960_T001_d	Bilateral	Yes	0.0077	Yes	No	No	Yes	1	Yes	No	No	2	Male	Yes	0.864698094984	Yes	No	NA	NA	NA	NA	NA	NA	NA	NA	NA	NA	NA	NA	NA	NA	NA	NA	NA	NA	NA	NA	NA	NA	NA	NA	NA	NA	NA	NA	NA	NA	NA	NA	NA	NA	NA	NA	NA	NA	NA	NA	NA	NA	NA	NA	NA	NA	NA	NA	NA	NA	NA	NA
rbl_mskcc_2020	C-001960	s_C_001960_T002_d	Bilateral	Yes	0.1288	Yes	Yes	No	Yes	1	Yes	No	Yes	2	Male	Yes	0.864698094984	Yes	No	NA	NA	NA	NA	NA	NA	NA	NA	NA	NA	NA	NA	NA	NA	NA	NA	NA	NA	NA	NA	NA	NA	NA	NA	NA	NA	NA	NA	NA	NA	NA	NA	NA	NA	NA	NA	NA	NA	NA	NA	NA	NA	NA	NA	NA	NA	NA	NA	NA	NA	NA	NA
rbl_mskcc_2020	C-001962	s_C_001962_T001_d	No	No	0.0753	NA	NA	NA	No	16	No	Yes	Yes	1	Male	No	21.6174523746	Yes	Yes	NA	NA	NA	NA	NA	NA	NA	NA	NA	NA	NA	NA	NA	NA	NA	NA	NA	NA	NA	NA	NA	NA	NA	NA	NA	NA	NA	NA	NA	NA	NA	NA	NA	NA	NA	NA	NA	NA	NA	NA	NA	NA	NA	NA	NA	NA	NA	NA	NA	NA	NA	NA
rbl_mskcc_2020	C-001963	s_C_001963_T001_d	No	No	0.3508	NA	NA	NA	No	7	Yes	No	No	1	Female	No	6.05288666489	Yes	Yes	NA	NA	NA	NA	NA	NA	NA	NA	NA	NA	NA	NA	NA	NA	NA	NA	NA	NA	NA	NA	NA	NA	NA	NA	NA	NA	NA	NA	NA	NA	NA	NA	NA	NA	NA	NA	NA	NA	NA	NA	NA	NA	NA	NA	NA	NA	NA	NA	NA	NA	NA	NA
rbl_mskcc_2020	C-001964	s_C_001964_T001_d	No	No	0.0592	NA	NA	NA	No	7	No	No	No	1	Female	No	28.5350371345	Yes	No	NA	NA	NA	NA	NA	NA	NA	NA	NA	NA	NA	NA	NA	NA	NA	NA	NA	NA	NA	NA	NA	NA	NA	NA	NA	NA	NA	NA	NA	NA	NA	NA	NA	NA	NA	NA	NA	NA	NA	NA	NA	NA	NA	NA	NA	NA	NA	NA	NA	NA	NA	NA
rbl_mskcc_2020	C-001965	s_C_001965_T001_d	No	No	0.1225	NA	NA	NA	No	8	No	No	No	1	Male	Yes	14.6998676147	Yes	No	NA	NA	NA	NA	NA	NA	NA	NA	NA	NA	NA	NA	NA	NA	NA	NA	NA	NA	NA	NA	NA	NA	NA	NA	NA	NA	NA	NA	NA	NA	NA	NA	NA	NA	NA	NA	NA	NA	NA	NA	NA	NA	NA	NA	NA	NA	NA	NA	NA	NA	NA	NA
rbl_mskcc_2020	C-001966	s_C_001966_T001_d	No	No	0.1275	Yes	No	Yes	Yes	NA	No	No	Yes	1	Male	Yes	0.0	Yes	No	NA	NA	NA	NA	NA	NA	NA	NA	NA	NA	NA	NA	NA	NA	NA	NA	NA	NA	NA	NA	NA	NA	NA	NA	NA	NA	NA	NA	NA	NA	NA	NA	NA	NA	NA	NA	NA	NA	NA	NA	NA	NA	NA	NA	NA	NA	NA	NA	NA	NA	NA	NA
rbl_mskcc_2020	C-001967	s_C_001967_T001_d	No	No	0.5416	Yes	No	Yes	Yes	1	No	No	No	1	Male	Yes	0.864698094984	Yes	No	NA	NA	NA	NA	NA	NA	NA	NA	NA	NA	NA	NA	NA	NA	NA	NA	NA	NA	NA	NA	NA	NA	NA	NA	NA	NA	NA	NA	NA	NA	NA	NA	NA	NA	NA	NA	NA	NA	NA	NA	NA	NA	NA	NA	NA	NA	NA	NA	NA	NA	NA	NA
rbl_mskcc_2020	C-001968	s_C_001968_T001_d	No	No	0.1772	Yes	NA	Yes	Yes	1	Yes	No	No	1	Female	Yes	0.864698094984	Yes	No	NA	NA	NA	NA	NA	NA	NA	NA	NA	NA	NA	NA	NA	NA	NA	NA	NA	NA	NA	NA	NA	NA	NA	NA	NA	NA	NA	NA	NA	NA	NA	NA	NA	NA	NA	NA	NA	NA	NA	NA	NA	NA	NA	NA	NA	NA	NA	NA	NA	NA	NA	NA
rbl_mskcc_2020	C-001970	s_C_001970_T001_d	No	No	0.3043	No	No	Yes	Yes	2	No	No	No	1	Female	Yes	1.72939618997	Yes	Yes	NA	NA	NA	NA	NA	NA	NA	NA	NA	NA	NA	NA	NA	NA	NA	NA	NA	NA	NA	NA	NA	NA	NA	NA	NA	NA	NA	NA	NA	NA	NA	NA	NA	NA	NA	NA	NA	NA	NA	NA	NA	NA	NA	NA	NA	NA	NA	NA	NA	NA	NA	NA
rbl_mskcc_2020	C-001971	s_C_001971_T001_d	No	No	0.0695	Yes	No	No	Yes	1	Yes	No	No	1	Male	No	0.864698094984	Yes	No	NA	NA	NA	NA	NA	NA	NA	NA	NA	NA	NA	NA	NA	NA	NA	NA	NA	NA	NA	NA	NA	NA	NA	NA	NA	NA	NA	NA	NA	NA	NA	NA	NA	NA	NA	NA	NA	NA	NA	NA	NA	NA	NA	NA	NA	NA	NA	NA	NA	NA	NA	NA
rbl_mskcc_2020	C-001972	s_C_001972_T001_d	No	No	0.0206	Yes	Yes	No	Yes	1	No	No	No	1	Female	Yes	0.864698094984	No	No	NA	NA	NA	NA	NA	NA	NA	NA	NA	NA	NA	NA	NA	NA	NA	NA	NA	NA	NA	NA	NA	NA	NA	NA	NA	NA	NA	NA	NA	NA	NA	NA	NA	NA	NA	NA	NA	NA	NA	NA	NA	NA	NA	NA	NA	NA	NA	NA	NA	NA	NA	NA
rbl_mskcc_2020	C-001973	s_C_001973_T001_d	No	No	0.3340	NA	Yes	NA	No	8	Yes	No	Yes	1	Female	No	14.6998676147	Yes	No	NA	NA	NA	NA	NA	NA	NA	NA	NA	NA	NA	NA	NA	NA	NA	NA	NA	NA	NA	NA	NA	NA	NA	NA	NA	NA	NA	NA	NA	NA	NA	NA	NA	NA	NA	NA	NA	NA	NA	NA	NA	NA	NA	NA	NA	NA	NA	NA	NA	NA	NA	NA
rbl_mskcc_2020	C-001974	s_C_001974_T001_d	No	No	0.0333	Yes	NA	No	Yes	NA	No	No	No	1	Male	No	0.0	No	No	NA	NA	NA	NA	NA	NA	NA	NA	NA	NA	NA	NA	NA	NA	NA	NA	NA	NA	NA	NA	NA	NA	NA	NA	NA	NA	NA	NA	NA	NA	NA	NA	NA	NA	NA	NA	NA	NA	NA	NA	NA	NA	NA	NA	NA	NA	NA	NA	NA	NA	NA	NA
rbl_mskcc_2020	C-001975	s_C_001975_T001_d	No	No	0.1847	Yes	No	Yes	Yes	1	No	No	No	1	Female	No	0.864698094984	Yes	No	NA	NA	NA	NA	NA	NA	NA	NA	NA	NA	NA	NA	NA	NA	NA	NA	NA	NA	NA	NA	NA	NA	NA	NA	NA	NA	NA	NA	NA	NA	NA	NA	NA	NA	NA	NA	NA	NA	NA	NA	NA	NA	NA	NA	NA	NA	NA	NA	NA	NA	NA	NA
rbl_mskcc_2020	C-001976	s_C_001976_T001_d	No	No	0.0177	Yes	NA	No	Yes	2	No	No	No	1	Female	Yes	1.72939618997	Yes	No	NA	NA	NA	NA	NA	NA	NA	NA	NA	NA	NA	NA	NA	NA	NA	NA	NA	NA	NA	NA	NA	NA	NA	NA	NA	NA	NA	NA	NA	NA	NA	NA	NA	NA	NA	NA	NA	NA	NA	NA	NA	NA	NA	NA	NA	NA	NA	NA	NA	NA	NA	NA
rbl_mskcc_2020	C-001977	s_C_001977_T001_d	No	No	0.1065	NA	Yes	NA	Yes	NA	Yes	No	Yes	1	Female	Yes	0.0	Yes	No	NA	NA	NA	NA	NA	NA	NA	NA	NA	NA	NA	NA	NA	NA	NA	NA	NA	NA	NA	NA	NA	NA	NA	NA	NA	NA	NA	NA	NA	NA	NA	NA	NA	NA	NA	NA	NA	NA	NA	NA	NA	NA	NA	NA	NA	NA	NA	NA	NA	NA	NA	NA
rbl_mskcc_2020	C-001978	s_C_001978_T001_d	No	No	0.1629	NA	Yes	NA	No	5	No	No	No	1	Female	Yes	12.1057733298	Yes	Yes	NA	NA	NA	NA	NA	NA	NA	NA	NA	NA	NA	NA	NA	NA	NA	NA	NA	NA	NA	NA	NA	NA	NA	NA	NA	NA	NA	NA	NA	NA	NA	NA	NA	NA	NA	NA	NA	NA	NA	NA	NA	NA	NA	NA	NA	NA	NA	NA	NA	NA	NA	NA
rbl_mskcc_2020	C-001979	s_C_001979_T001_d	No	Yes	0.1892	NA	Yes	NA	No	7	Yes	No	Yes	1	Female	Yes	24.2115466595	Yes	Yes	NA	NA	NA	NA	NA	NA	NA	NA	NA	NA	NA	NA	NA	NA	NA	NA	NA	NA	NA	NA	NA	NA	NA	NA	NA	NA	NA	NA	NA	NA	NA	NA	NA	NA	NA	NA	NA	NA	NA	NA	NA	NA	NA	NA	NA	NA	NA	NA	NA	NA	NA	NA